BEROCCA PN; BIOTIN,OC(=O)CCCC[C@@H]1SC[C@@H]2NC(=O)N[C@H]12
CAPRELSA; VANDETANIB,COc1cc2c(Nc3ccc(Br)cc3F)ncnc2cc1OCC1CCN(C)CC1
CAPRELSA; VANDETANIB,COCc1cccc(C[C@H](O)\C=C\[C@H]2CCCC(=O)N2CCCCCCC(O)=O)c1
CAPRELSA; VANDETANIB,OC1C=CC(NCc2ccc(Oc3ccccc3)cc2)C(O)C1O
AMINOSYN 3.5% M IN PLASTIC CONTAINER; SODIUM CHLORIDE,Cc1c(\C=C\c2cc[n+](C)cc2)c2cc(C)ccc2n1C
AMINOSYN II 10% W/ ELECTROLYTES; POTASSIUM CHLORIDE,COc1cccc2sc(Nc3nnc(o3)-c3cccs3)nc12
CRIXIVAN; INDINAVIR SULFATE,CC(C)(C)NC(=O)[C@@H]1CN(Cc2cccnc2)CCN1C[C@@H](O)C[C@@H](Cc1ccccc1)C(=O)N[C@@H]1[C@H](O)Cc2ccccc12
VIRACEPT; NELFINAVIR MESYLATE,Cc1c(O)cccc1C(=O)N[C@@H](CSc1ccccc1)[C@H](O)CN1C[C@H]2CCCC[C@H]2C[C@H]1C(=O)NC(C)(C)C
FORTOVASE; SAQUINAVIR,CC(C)(C)NC(=O)[C@@H]1C[C@@H]2CCCC[C@@H]2CN1C[C@@H](O)[C@H](Cc1ccccc1)NC(=O)[C@H](CC(N)=O)NC(=O)c1ccc2ccccc2n1
ATAZANAVIR SULFATE AND RITONAVIR; RITONAVIR,CC(C)[C@H](NC(=O)N(C)Cc1csc(n1)C(C)C)C(=O)N[C@H](C[C@H](O)[C@H](Cc1ccccc1)NC(=O)OCc1cncs1)Cc1ccccc1
APTIVUS; TIPRANAVIR,CCC[C@@]1(CCc2ccccc2)CC(=O)C([C@H](CC)c2cccc(NS(=O)(=O)c3ccc(cn3)C(F)(F)F)c2)C(=O)O1
AGENERASE; AMPRENAVIR,CC(C)CN(C[C@@H](O)[C@H](Cc1ccccc1)NC(=O)O[C@H]1CCOC1)S(=O)(=O)c1ccc(N)cc1
KALETRA; LOPINAVIR,CC(C)[C@H](N1CCCNC1=O)C(=O)N[C@H](C[C@H](O)[C@H](Cc1ccccc1)NC(=O)COc1c(C)cccc1C)Cc1ccccc1
LIQUAMAR; PHENPROCOUMON,CCC(c1ccccc1)c1c(O)c2ccccc2oc1=O
EMTRICITABINE;TENOFOVIR DISOPROXIL FUMARATE;NEVIRAPINE; NEVIRAPINE,Cc1ccnc2N(C3CC3)c3ncccc3C(=O)Nc12
RESCRIPTOR; DELAVIRDINE MESYLATE,CC(C)Nc1cccnc1N1CCN(CC1)C(=O)c1cc2cc(NS(C)(=O)=O)ccc2[nH]1
ATRIPLA; EFAVIRENZ,FC(F)(F)[C@]1(OC(=O)Nc2ccc(Cl)cc12)C#CC1CC1
BOSULIF; BOSUTINIB MONOHYDRATE,COc1cc(Nc2c(cnc3cc(OCCCN4CCN(C)CC4)c(OC)cc23)C#N)c(Cl)cc1Cl
SUNITINIB MALATE; SUNITINIB MALATE,CCN(CC)CCNC(=O)c1c(C)[nH]c(\C=C2/C(=O)Nc3ccc(F)cc23)c1C
RELENZA; ZANAMIVIR,CC(=O)N[C@@H]1[C@H](C=C(O[C@H]1[C@H](O)[C@H](O)CO)C(O)=O)N=C(N)N
OSELTAMIVIR PHOSPHATE; OSELTAMIVIR PHOSPHATE,CCOC(=O)C1=C[C@@H](OC(CC)CC)[C@H](NC(C)=O)[C@@H](N)C1
LAPATINIB; LAPATINIB,CS(=O)(=O)CCNCc1ccc(o1)-c1ccc2ncnc(Nc3ccc(OCc4cccc(F)c4)c(Cl)c3)c2c1
LAPATINIB; LAPATINIB,CC1=CCc2c(O)n(c(O)c2C1)-c1ccc(cc1)C(=O)OCC(=O)c1ccc(C)c(C)c1
LAPATINIB; LAPATINIB,COCCOc1ccc(cc1)N1CCN(CC1)c1cccc(c1)-c1cc2nc(nn2c(N)n1)-c1ccco1
ERLOTINIB HYDROCHLORIDE; ERLOTINIB HYDROCHLORIDE,COCCOc1cc2ncnc(Nc3cccc(c3)C#C)c2cc1OCCOC
IRESSA; GEFITINIB,COc1cc2ncnc(Nc3ccc(F)c(Cl)c3)c2cc1OCCCN1CCOCC1
DYAZIDE; TRIAMTERENE,Nc1nc(N)c2nc(c(N)nc2n1)-c1ccccc1
XARELTO; RIVAROXABAN,Clc1ccc(s1)C(=O)NC[C@H]1CN(C(=O)O1)c1ccc(cc1)N1CCOCC1=O
HISTAMINE PHOSPHATE; HISTAMINE PHOSPHATE,NCCc1cnc[nH]1
CYSTAGON; CYSTEAMINE BITARTRATE,NCCS
DARUNAVIR; DARUNAVIR,CC(C)CN(C[C@@H](O)[C@H](Cc1ccccc1)NC(=O)O[C@H]1CO[C@H]2OCC[C@@H]12)S(=O)(=O)c1ccc(N)cc1
EXTINA; KETOCONAZOLE,CC(=O)N1CCN(CC1)c1ccc(OC[C@H]2CO[C@@](Cn3ccnc3)(O2)c2ccc(Cl)cc2Cl)cc1
COLGATE TOTAL; TRICLOSAN,Oc1cc(Cl)ccc1Oc1ccc(Cl)cc1Cl
ANDRODERM; TESTOSTERONE,C[C@]12CC[C@H]3[C@@H](CCC4=CC(=O)CC[C@]34C)[C@@H]1CC[C@@H]2O
CRINONE; PROGESTERONE,CC(=O)[C@H]1CC[C@H]2[C@@H]3CCC4=CC(=O)CC[C@]4(C)[C@H]3CC[C@]12C
PARSIDOL; ETHOPROPAZINE HYDROCHLORIDE,CCN(CC)C(C)CN1c2ccccc2Sc2ccccc12
ARICEPT; DONEPEZIL HYDROCHLORIDE,COc1cc2CC(CC3CCN(Cc4ccccc4)CC3)C(=O)c2cc1OC
ARICEPT; DONEPEZIL HYDROCHLORIDE,CN1CCC[C@H]1c1cccnc1
COGNEX; TACRINE HYDROCHLORIDE,Nc1c2CCCCc2nc2ccccc12
CYTADREN; AMINOGLUTETHIMIDE,CCC1(CCC(=O)NC1=O)c1ccc(N)cc1
ANASTROZOLE; ANASTROZOLE,CC(C)(C#N)c1cc(Cn2cncn2)cc(c1)C(C)(C)C#N
GALANTAMINE HYDROBROMIDE; GALANTAMINE HYDROBROMIDE,COc1ccc2CN(C)CC[C@@]34C=C[C@H](O)C[C@@H]3Oc1c24
AMPYRA; DALFAMPRIDINE,Nc1ccncc1
EXELON; RIVASTIGMINE,CCN(C)C(=O)Oc1cccc(c1)[C@H](C)N(C)C
MIOCHOL; ACETYLCHOLINE CHLORIDE,CC(=O)OCC[N+](C)(C)C
ACCURBRON; THEOPHYLLINE,Cn1c2nc[nH]c2c(=O)n(C)c1=O
"ACETAMINOPHEN, ASPIRIN AND CAFFEINE; CAFFEINE",Cn1cnc2n(C)c(=O)n(C)c(=O)c12
PENTOXIFYLLINE; PENTOXIFYLLINE,CC(=O)CCCCn1c(=O)n(C)c2ncn(C)c2c1=O
AVC; SULFANILAMIDE,Nc1ccc(cc1)S(N)(=O)=O
MAFENIDE ACETATE; MAFENIDE ACETATE,NCc1ccc(cc1)S(N)(=O)=O
ACETAZOLAMIDE; ACETAZOLAMIDE,CC(=O)Nc1nnc(s1)S(N)(=O)=O
METHAZOLAMIDE; METHAZOLAMIDE,CC(=O)N=c1sc(nn1C)S(N)(=O)=O
CARDRASE; ETHOXZOLAMIDE,CCOc1ccc2nc(sc2c1)S(N)(=O)=O
DARANIDE; DICHLORPHENAMIDE,NS(=O)(=O)c1cc(Cl)c(Cl)c(c1)S(N)(=O)=O
COSOPT; DORZOLAMIDE HYDROCHLORIDE,CCN[C@H]1C[C@H](C)S(=O)(=O)c2sc(cc12)S(N)(=O)=O
AZOPT; BRINZOLAMIDE,CCN[C@H]1CN(CCCOC)S(=O)(=O)c2sc(cc12)S(N)(=O)=O
QSYMIA; TOPIRAMATE,CC1(C)O[C@@H]2CO[C@@]3(COS(N)(=O)=O)OC(C)(C)O[C@H]3[C@@H]2O1
ZONEGRAN; ZONISAMIDE,NS(=O)(=O)Cc1noc2ccccc12
AZILECT; RASAGILINE MESYLATE,C#CCN[C@@H]1CCc2ccccc12
SITAGLIPTIN; METFORMIN HYDROCHLORIDE; SITAGLIPTIN,N[C@@H](CC(=O)N1CCn2c(C1)nnc2C(F)(F)F)Cc1cc(F)c(F)cc1F
NICLOCIDE; NICLOSAMIDE,Oc1ccc(Cl)cc1C(=O)Nc1ccc(cc1Cl)[N+]([O-])=O
SAXAGLIPTIN;METFORMIN HYDROCHLORIDE; SAXAGLIPTIN,N[C@H](C(=O)N1[C@H]2C[C@H]2C[C@H]1C#N)C12CC3CC(CC(O)(C3)C1)C2
CELEBREX; CELECOXIB,Cc1ccc(cc1)-c1cc(nn1-c1ccc(cc1)S(N)(=O)=O)C(F)(F)F
VICTRELIS; BOCEPREVIR,CC(C)(C)NC(=O)N[C@H](C(=O)N1C[C@H]2[C@@H]([C@H]1C(=O)NC(CC1CCC1)C(=O)C(N)=O)C2(C)C)C(C)(C)C
RECLAST; ZOLEDRONIC ACID,OC(Cn1ccnc1)(P(O)(O)=O)P(O)(O)=O
FEMARA; LETROZOLE,N#Cc1ccc(cc1)C(c1ccc(cc1)C#N)n1cncn1
BEXTRA; VALDECOXIB,Cc1onc(c1-c1ccc(cc1)S(N)(=O)=O)-c1ccccc1
FLECTOR; DICLOFENAC EPOLAMINE,OC(=O)Cc1ccccc1Nc1c(Cl)cccc1Cl
ACCURETIC; HYDROCHLOROTHIAZIDE,NS(=O)(=O)c1cc2c(NCNS2(=O)=O)cc1Cl
SPRYCEL; DASATINIB,Cc1nc(Nc2ncc(s2)C(=O)Nc2c(C)cccc2Cl)cc(n1)N1CCN(CCO)CC1
SPRYCEL; DASATINIB,Nc1nc2-c3cc(Cl)ccc3Cc2c(n1)-c1ccc(Br)o1
SPRYCEL; DASATINIB,Cc1ccc2Cc3c(nc(N)nc3-c3ccccn3)-c2c1
GLEEVEC; IMATINIB MESYLATE,CN1CCN(Cc2ccc(cc2)C(=O)Nc2ccc(C)c(Nc3nccc(n3)-c3cccnc3)c2)CC1
GLEEVEC; IMATINIB MESYLATE,NC(N)=N[C@H](C1CCCCC1)C(=O)NCC(=O)N1CCC(CC1)c1cc(n[nH]1)-c1cccc(Cl)c1Cl
GLEEVEC; IMATINIB MESYLATE,CC(C)c1ccc2Cc3c(nc(N)nc3-c3ccc(Br)o3)-c2c1
ACETASOL HC; HYDROCORTISONE,C[C@]12C[C@H](O)[C@H]3[C@@H](CCC4=CC(=O)CC[C@]34C)[C@@H]1CC[C@]2(O)C(=O)CO
ATAZANAVIR SULFATE AND RITONAVIR; ATAZANAVIR SULFATE,COC(=O)N[C@H](C(=O)N[C@@H](Cc1ccccc1)[C@@H](O)CN(Cc1ccc(cc1)-c1ccccn1)NC(=O)[C@@H](NC(=O)OC)C(C)(C)C)C(C)(C)C
CATAPRES-TTS-1; CLONIDINE,Clc1cccc(Cl)c1N=C1NCCN1
REVATIO; SILDENAFIL CITRATE,CCCc1nn(C)c2c1nc([nH]c2=O)-c1cc(ccc1OCC)S(=O)(=O)N1CCN(C)CC1
ADENOCARD; ADENOSINE,Nc1ncnc2n(cnc12)[C@@H]1O[C@H](CO)[C@@H](O)[C@H]1O
AMINOSYN 3.5% M IN PLASTIC CONTAINER; PHOSPHORIC ACID,OP(O)(O)=O
IDKIT:HP; CITRIC ACID,OC(=O)CC(O)(CC(O)=O)C(O)=O
AUBAGIO; TERIFLUNOMIDE,CC(=O)C(C#N)C(=O)Nc1ccc(cc1)C(F)(F)F
DALIRESP; ROFLUMILAST,FC(F)Oc1ccc(cc1OCC1CC1)C(=O)Nc1c(Cl)cncc1Cl
LEVITRA; VARDENAFIL HYDROCHLORIDE,CCCc1nc(C)c2n1nc([nH]c2=O)-c1cc(ccc1OCC)S(=O)(=O)N1CCN(CC)CC1
ADCIRCA; TADALAFIL,CN1CC(=O)N2[C@H](Cc3c([nH]c4ccccc34)[C@H]2c2ccc3OCOc3c2)C1=O
MILRINONE LACTATE IN DEXTROSE 5% IN PLASTIC CONTAINER; MILRINONE LACTATE,Cc1[nH]c(=O)c(cc1-c1ccncc1)C#N
ELDEPRYL; SELEGILINE HYDROCHLORIDE,C[C@H](Cc1ccccc1)N(C)CC#C
AMILORIDE HYDROCHLORIDE; AMILORIDE HYDROCHLORIDE,NC(=N)NC(=O)c1nc(Cl)c(N)nc1N
KAZANO; ALOGLIPTIN BENZOATE,Cn1c(=O)cc(N2CCC[C@@H](N)C2)n(Cc2ccccc2C#N)c1=O
ATOVAQUONE AND PROGUANIL HYDROCHLORIDE; ATOVAQUONE,Clc1ccc(cc1)C1CCC(CC1)C1C(=O)C(=O)c2ccccc2C1=O
NEXAVAR; SORAFENIB TOSYLATE,CNC(=O)c1cc(Oc2ccc(NC(=O)Nc3ccc(Cl)c(c3)C(F)(F)F)cc2)ccn1
ESTROGENIC SUBSTANCE; ESTRONE,C[C@]12CC[C@H]3[C@@H](CCc4cc(O)ccc34)[C@@H]1CCC2=O
ACTIVELLA; ESTRADIOL,C[C@]12CC[C@H]3[C@@H](CCc4cc(O)ccc34)[C@@H]1CC[C@@H]2O
INDOCIN; INDOMETHACIN,COc1ccc2n(C(=O)c3ccc(Cl)cc3)c(C)c(CC(O)=O)c2c1
AMTURNIDE; ALISKIREN HEMIFUMARATE,COCCCOc1cc(C[C@@H](C[C@H](N)[C@@H](O)C[C@@H](C(C)C)C(=O)NCC(C)(C)C(N)=O)C(C)C)ccc1OC
OTREXUP; METHOTREXATE,CN(Cc1cnc2nc(N)nc(N)c2n1)c1ccc(cc1)C(=O)N[C@@H](CCC(O)=O)C(O)=O
BACTRIM DS; TRIMETHOPRIM,COc1cc(Cc2cnc(N)nc2N)cc(OC)c1OC
NUTRESTORE; GLUTAMINE,N[C@@H](CCC(N)=O)C(O)=O
ADDERALL 10; AMPHETAMINE ASPARTATE,N[C@@H](CC(O)=O)C(O)=O
TPN; TYROSINE,N[C@@H](Cc1ccc(O)cc1)C(O)=O
AMINOACETIC ACID 1.5% IN PLASTIC CONTAINER; GLYCINE,NCC(O)=O
ANDROID-F; FLUOXYMESTERONE,C[C@]1(O)CC[C@H]2[C@@H]3CCC4=CC(=O)CC[C@]4(C)[C@@]3(F)[C@@H](O)C[C@]12C
AEROSEB-DEX; DEXAMETHASONE,C[C@@H]1C[C@H]2[C@@H]3CCC4=CC(=O)C=C[C@]4(C)[C@@]3(F)[C@@H](O)C[C@]2(C)[C@@]1(O)C(=O)CO
NEUTREXIN; TRIMETREXATE GLUCURONATE,COc1cc(NCc2ccc3nc(N)nc(N)c3c2C)cc(OC)c1OC
ZAVESCA; MIGLUSTAT,CCCCN1C[C@H](O)[C@@H](O)[C@H](O)[C@H]1CO
EZETIMIBE; SIMVASTATIN; SIMVASTATIN,CCC(C)(C)C(=O)O[C@H]1C[C@@H](C)C=C2C=C[C@H](C)[C@H](CC[C@@H](O)C[C@@H](O)CC(O)=O)[C@@H]12
DARAPRIM; PYRIMETHAMINE,CCc1nc(N)nc(N)c1-c1ccc(Cl)cc1
BICALUTAMIDE; BICALUTAMIDE,CC(O)(CS(=O)(=O)c1ccc(F)cc1)C(=O)Nc1ccc(C#N)c(c1)C(F)(F)F
KORLYM; MIFEPRISTONE,CC#C[C@]1(O)CC[C@H]2[C@@H]3CCC4=CC(=O)CCC4=C3[C@H](C[C@]12C)c1ccc(cc1)N(C)C
BICALUTAMIDE; BICALUTAMIDE,C[C@](O)(CS(=O)(=O)c1ccc(F)cc1)C(=O)Nc1ccc(C#N)c(c1)C(F)(F)F
BICALUTAMIDE; BICALUTAMIDE,C[C@@](O)(CS(=O)(=O)c1ccc(F)cc1)C(=O)Nc1ccc(C#N)c(c1)C(F)(F)F
ALIMTA; PEMETREXED,Nc1nc2[nH]cc(CCc3ccc(cc3)C(=O)N[C@@H](CCC(O)=O)C(O)=O)c2c(=O)[nH]1
EUTHROID-0.5; TRIIODOTHYRONINE,N[C@@H](Cc1cc(I)c(Oc2ccc(O)c(I)c2)c(I)c1)C(O)=O
AMIODARONE HYDROCHLORIDE; AMIODARONE HYDROCHLORIDE,CCCCc1oc2ccccc2c1C(=O)c1cc(I)c(OCCN(CC)CC)c(I)c1
ELIQUIS; APIXABAN,COc1ccc(cc1)-n1nc(C(N)=O)c2CCN(C(=O)c12)c1ccc(cc1)N1CCCCC1=O
ZOLINZA; VORINOSTAT,ONC(=O)CCCCCCC(=O)Nc1ccccc1
ZOLINZA; VORINOSTAT,OC(\C=C\[C@H]1CCCC(=O)N1CCSCCCC(O)=O)C1(CC1)c1ccccc1
ZOLINZA; VORINOSTAT,OC1C=CC(NCc2ccc(cc2)-c2ccccc2)C(O)C1O
ISTODAX; ROMIDEPSIN,C\C=C1/NC(=O)[C@H]2CSSCC\C=C\[C@H](CC(=O)N[C@H](C(C)C)C(=O)N2)OC(=O)[C@@H](NC1=O)C(C)C
CHLOROPTIC-P S.O.P.; PREDNISOLONE,C[C@]12C[C@H](O)[C@H]3[C@@H](CCC4=CC(=O)C=C[C@]34C)[C@@H]1CC[C@]2(O)C(=O)CO
CHLOROPTIC-P S.O.P.; PREDNISOLONE,CCc1nc(N)nc(N)c1-c1ccc(Cl)c(c1)\N=N\N(CCOC(C)=O)Cc1cccc(C)c1
CHLOROPTIC-P S.O.P.; PREDNISOLONE,CCc1nc(N)nc(N)c1-c1ccc(Cl)c([N-]N=[N+](CCOC(C)=O)Cc2ccc(cc2)[N+]([O-])=O)c1
CHLOROPTIC-P S.O.P.; PREDNISOLONE,COc1c(OCC#C)ccc2OC(CC=C)c3c(ccc4NC(C)(C)C=C(C)c34)-c12
MYCOPHENOLIC ACID; MYCOPHENOLIC ACID,COc1c(C)c2COC(=O)c2c(O)c1C\C=C(/C)CCC(O)=O
EVISTA; RALOXIFENE HYDROCHLORIDE,Oc1ccc(cc1)-c1sc2cc(O)ccc2c1C(=O)c1ccc(OCCN2CCCCC2)cc1
QUTENZA; CAPSAICIN,COc1cc(CNC(=O)CCCC\C=C\C(C)C)ccc1O
NOLVADEX; TAMOXIFEN CITRATE,CC\C(=C(/c1ccccc1)c1ccc(OCCN(C)C)cc1)c1ccccc1
DIETHYLSTILBESTROL; DIETHYLSTILBESTROL,CC\C(=C(\CC)c1ccc(O)cc1)c1ccc(O)cc1
FARXIGA; DAPAGLIFLOZIN,CCOc1ccc(Cc2cc(ccc2Cl)[C@@H]2O[C@H](CO)[C@@H](O)[C@H](O)[C@H]2O)cc1
KINEVAC; SINCALIDE,CSCC[C@H](NC(=O)[C@H](Cc1ccc(OS(O)(=O)=O)cc1)NC(=O)[C@@H](N)CC(O)=O)C(=O)NCC(=O)N[C@@H](Cc1c[nH]c2ccccc12)C(=O)N[C@@H](CCSC)C(=O)N[C@@H](CC(O)=O)C(=O)N[C@@H](Cc1ccccc1)C(N)=O
MESANTOIN; MEPHENYTOIN,CC[C@]1(NC(=O)N(C)C1=O)c1ccccc1
MIDAZOLAM HYDROCHLORIDE; MIDAZOLAM HYDROCHLORIDE,Cc1ncc2CN=C(c3ccccc3F)c3cc(Cl)ccc3-n12
HALDOL; HALOPERIDOL,OC1(CCN(CCCC(=O)c2ccc(F)cc2)CC1)c1ccc(Cl)cc1
CAPOTEN; CAPTOPRIL,C[C@H](CS)C(=O)N1CCC[C@H]1C(O)=O
CHENIX; CHENODIOL,C[C@H](CCC(O)=O)[C@H]1CC[C@H]2[C@@H]3[C@H](O)C[C@@H]4C[C@H](O)CC[C@]4(C)[C@H]3CC[C@]12C
CHENIX; CHENODIOL,C[C@H](CCC(O)=O)[C@H]1CC[C@H]2[C@@H]3[C@H](O)C[C@@H]4C[C@H](O)CC[C@]4(C)[C@H]3C[C@H](O)[C@]12C
CHENIX; CHENODIOL,C[C@H](CCC(O)=O)[C@H]1CC[C@H]2[C@@H]3C[C@H](O)[C@@H]4C[C@H](O)CC[C@]4(C)[C@H]3CC[C@]12C
CHOLBAM; CHOLIC ACID,C[C@H](CCC(O)=O)[C@H]1CC[C@H]2[C@@H]3CC[C@@H]4C[C@@H](CC[C@]4(C)[C@H]3CC[C@]12C)OS(O)(=O)=O
CETRAXAL; CIPROFLOXACIN HYDROCHLORIDE,OC(=O)c1cn(C2CC2)c2cc(N3CCNCC3)c(F)cc2c1=O
NALIDIXIC ACID; NALIDIXIC ACID,CCn1cc(C(O)=O)c(=O)c2ccc(C)nc12
R-GENE 10; ARGININE HYDROCHLORIDE,N[C@@H](CCCN=C(N)N)C(O)=O
8-HOUR BAYER; ASPIRIN,CC(=O)Oc1ccccc1C(O)=O
VIOXX; ROFECOXIB,CS(=O)(=O)c1ccc(cc1)C1=C(C(=O)OC1)c1ccccc1
ACTINEX; MASOPROCOL,C[C@@H](Cc1ccc(O)c(O)c1)[C@H](C)Cc1ccc(O)c(O)c1
BRISDELLE; PAROXETINE MESYLATE,Fc1ccc(cc1)[C@@H]1CCNC[C@H]1COc1ccc2OCOc2c1
PREFRIN-A; PYRILAMINE MALEATE,COc1ccc(CN(CCN(C)C)c2ccccn2)cc1
OPTIMINE; AZATADINE MALEATE,CN1CCC(CC1)=C1c2ccccc2CCc2cccnc12
CLOZAPINE; CLOZAPINE,CN1CCN(CC1)C1=c2ccccc2=Nc2ccc(Cl)cc2N1
AMOXAPINE; AMOXAPINE,Clc1ccc2Oc3ccccc3N=C(N3CCNCC3)c2c1
ADASUVE; LOXAPINE,CN1CCN(CC1)C1=Nc2ccccc2Oc2ccc(Cl)cc12
ALLEGRA ALLERGY; FEXOFENADINE HYDROCHLORIDE,CC(C)(C(O)=O)c1ccc(cc1)C(O)CCCN1CCC(CC1)C(O)(c1ccccc1)c1ccccc1
ATARAX; HYDROXYZINE HYDROCHLORIDE,OCCOCCN1CCN(CC1)C(c1ccccc1)c1ccc(Cl)cc1
ALAVERT; LORATADINE,CCOC(=O)N1CCC(CC1)=C1c2ccc(Cl)cc2CCc2cccnc12
CIMETIDINE; CIMETIDINE,CNC(NC#N)=NCCSCc1[nH]cnc1C
CETIRIZINE HYDROCHLORIDE ALLERGY; CETIRIZINE HYDROCHLORIDE,OC(=O)COCCN1CCN(CC1)C(c1ccccc1)c1ccc(Cl)cc1
"CALCIUM CARBONATE, FAMOTIDINE AND MAGNESIUM HYDROXIDE; FAMOTIDINE",NC(N)=Nc1nc(CSCCC(N)=NS(N)(=O)=O)cs1
RANITIDINE HYDROCHLORIDE; RANITIDINE HYDROCHLORIDE,CN\C([CH-][N+]([O-])=O)=[NH+]/CCSCc1ccc(CN(C)C)o1
NIPENT; PENTOSTATIN,OC[C@H]1O[C@H](C[C@@H]1O)n1cnc2[C@H](O)CNC=Nc12
ADRIAMYCIN PFS; DOXORUBICIN HYDROCHLORIDE,COc1cccc2C(=O)c3c(O)c4C[C@](O)(C[C@H](O[C@H]5C[C@H](N)[C@H](O)[C@H](C)O5)c4c(O)c3C(=O)c12)C(=O)CO
ARALEN; CHLOROQUINE PHOSPHATE,CCN(CC)CCCC(C)Nc1ccnc2cc(Cl)ccc12
ACARBOSE; ACARBOSE,C[C@H]1O[C@H](O[C@@H]2[C@@H](CO)O[C@H](O[C@@H]3[C@@H](CO)OC(O)[C@H](O)[C@H]3O)[C@H](O)[C@H]2O)[C@H](O)[C@@H](O)[C@@H]1N[C@H]1C=C(CO)[C@@H](O)[C@H](O)[C@H]1O
ADVICOR; NIACIN,OC(=O)c1cccnc1
AGGRENOX; DIPYRIDAMOLE,OCCN(CCO)c1nc(N2CCCCC2)c2nc(nc(N3CCCCC3)c2n1)N(CCO)CCO
VENTAVIS; ILOPROST,CC#CCC(C)[C@H](O)\C=C\[C@H]1[C@H](O)C[C@@H]2C\C(C[C@H]12)=C/CCCC(O)=O
BACLOFEN; BACLOFEN,NCC(CC(O)=O)c1ccc(Cl)cc1
ALLI; ORLISTAT,CCCCCCCCCCC[C@@H](C[C@@H]1OC(=O)[C@H]1CCCCCC)OC(=O)[C@H](CC(C)C)NC=O
MENADIONE; MENADIONE,CC1=CC(=O)c2ccccc2C1=O
AQUAMEPHYTON; PHYTONADIONE,CC(C)CCC[C@@H](C)CCC[C@@H](C)CCCC(C)=CCC1=C(C)C(=O)c2ccccc2C1=O
INLYTA; AXITINIB,CNC(=O)c1ccccc1Sc1ccc2c(\C=C\c3ccccn3)n[nH]c2c1
BELEODAQ; BELINOSTAT,ONC(=O)\C=C\c1cccc(c1)S(=O)(=O)Nc1ccccc1
RALTEGRAVIR; RALTEGRAVIR,Cc1nnc(o1)C(=O)NC(C)(C)c1nc(C(=O)NCc2ccc(F)cc2)c(O)c(=O)n1C
AEROLONE; ISOPROTERENOL HYDROCHLORIDE,CC(C)NCC(O)c1ccc(O)c(O)c1
BISOPROLOL FUMARATE AND HYDROCHLOROTHIAZIDE; BISOPROLOL FUMARATE,CC(C)NCC(O)COc1ccc(COCCOC(C)C)cc1
BETAXOLOL HYDROCHLORIDE; BETAXOLOL HYDROCHLORIDE,CC(C)NC[C@H](O)COc1ccc(CCOCC2CC2)cc1
ATENOLOL AND CHLORTHALIDONE; ATENOLOL,CC(C)NCC(O)COc1ccc(CC(N)=O)cc1
ACEBUTOLOL HYDROCHLORIDE; ACEBUTOLOL HYDROCHLORIDE,CCCC(=O)Nc1ccc(OCC(O)CNC(C)C)c(c1)C(C)=O
DUTOPROL; METOPROLOL SUCCINATE,COCCc1ccc(OCC(O)CNC(C)C)cc1
LABETALOL HYDROCHLORIDE; LABETALOL HYDROCHLORIDE,CC(CCc1ccccc1)NCC(O)c1ccc(O)c(c1)C(N)=O
CARVEDILOL; CARVEDILOL,COc1ccccc1OCCNCC(O)COc1cccc2[nH]c3ccccc3c12
HEMANGEOL; PROPRANOLOL HYDROCHLORIDE,CC(C)NCC(O)COc1cccc2ccccc12
BETAPACE AF; SOTALOL HYDROCHLORIDE,CC(C)NCC(O)c1ccc(NS(C)(=O)=O)cc1
CORGARD; NADOLOL,CC(C)(C)NCC(O)COc1cccc2C[C@@H](O)[C@@H](O)Cc12
BETIMOL; TIMOLOL,CC(C)(C)NCC(O)COc1nsnc1N1CCOCC1
ACCUNEB; ALBUTEROL SULFATE,CC(C)(C)NCC(O)c1ccc(O)c(CO)c1
BRETHAIRE; TERBUTALINE SULFATE,CC(C)(C)NCC(O)c1cc(O)cc(O)c1
ADVAIR DISKUS 100/50; SALMETEROL XINAFOATE,OCc1cc(ccc1O)C(O)CNCCCCCCOCCCCc1ccccc1
DIFLUCAN; FLUCONAZOLE,OC(Cn1cncn1)(Cn1cncn1)c1ccc(F)cc1F
CELEXA; CITALOPRAM HYDROBROMIDE,CN(C)CCCC1(OCc2cc(ccc12)C#N)c1ccc(F)cc1
DIUCARDIN; HYDROFLUMETHIAZIDE,NS(=O)(=O)c1cc2c(NCNS2(=O)=O)cc1C(F)(F)F
HYDROMOX; QUINETHAZONE,CCC1NC(=O)c2cc(c(Cl)cc2N1)S(N)(=O)=O
DIULO; METOLAZONE,CC1Nc2cc(Cl)c(cc2C(=O)N1c1ccccc1C)S(N)(=O)=O
ATENOLOL AND CHLORTHALIDONE; CHLORTHALIDONE,NS(=O)(=O)c1cc(ccc1Cl)C1(O)NC(=O)c2ccccc12
INDAPAMIDE; INDAPAMIDE,CC1Cc2ccccc2N1NC(=O)c1ccc(Cl)c(c1)S(N)(=O)=O
FUROSEMIDE; FUROSEMIDE,NS(=O)(=O)c1cc(C(O)=O)c(NCc2ccco2)cc1Cl
BUMETANIDE; BUMETANIDE,CCCCNc1cc(cc(c1Oc1ccccc1)S(N)(=O)=O)C(O)=O
TRI-LUMA; HYDROQUINONE,Oc1ccc(O)cc1
ACEPHEN; ACETAMINOPHEN,CC(=O)Nc1ccc(O)cc1
FLUMAZENIL; FLUMAZENIL,CCOC(=O)c1ncn-2c1CN(C)C(=O)c1cc(F)ccc-21
ESZOPICLONE; ESZOPICLONE,CN1CCN(CC1)C(=O)Oc1n(-c2ccc(Cl)cn2)c(=O)c2ncc[nH]c12
AMBIEN CR; ZOLPIDEM TARTRATE,CN(C)C(=O)Cc1c(nc2ccc(C)cn12)-c1ccc(C)cc1
VOTRIENT; PAZOPANIB HYDROCHLORIDE,CN(c1ccc2c(C)n(C)nc2c1)c1ccnc(Nc2ccc(C)c(c2)S(N)(=O)=O)n1
AMINOSYN 3.5% M IN PLASTIC CONTAINER; SODIUM CHLORIDE,[Cl-]
IOSAT; POTASSIUM IODIDE,[I-]
BAROS; SODIUM BICARBONATE,OC([O-])=O
IRRIGATING SOLUTION G IN PLASTIC CONTAINER; SODIUM CARBONATE,[O-]C([O-])=O
GANITE; GALLIUM NITRATE,[O-][N+]([O-])=O
BC; SODIUM SULFATE,[O-]S([O-])(=O)=O
METAHYDRIN; TRICHLORMETHIAZIDE,NS(=O)(=O)c1cc2c(NC(NS2(=O)=O)C(Cl)Cl)cc1Cl
BEROCCA PN; NIACINAMIDE,NC(=O)c1cccnc1
AVANDAMET; ROSIGLITAZONE MALEATE,CN(CCOc1ccc(Cc2sc(=O)[nH]c2O)cc1)c1ccccn1
ATROMID-S; CLOFIBRATE,CC(C)(Oc1ccc(Cl)cc1)C(O)=O
ANTARA (MICRONIZED); FENOFIBRATE,CC(C)(Oc1ccc(cc1)C(=O)c1ccc(Cl)cc1)C(O)=O
FIBRICOR; FENOFIBRIC ACID,CC(Oc1ccc(Oc2ccc(Cl)cc2)cc1)C(O)=O
MINIPRESS; PRAZOSIN HYDROCHLORIDE,COc1cc2nc(nc(N)c2cc1OC)N1CCN(CC1)C(=O)c1ccco1
APOKYN; APOMORPHINE HYDROCHLORIDE,CN1CCc2cccc-3c2[C@H]1Cc1ccc(O)c(O)c-31
FLUOXETINE; FLUOXETINE HYDROCHLORIDE,CNCCC(Oc1ccc(cc1)C(F)(F)F)c1ccccc1
RILUTEK; RILUZOLE,Nc1nc2ccc(OC(F)(F)F)cc2s1
SANSERT; METHYSERGIDE MALEATE,CC[C@@H](CO)NC(=O)[C@H]1CN(C)[C@@H]2Cc3cn(C)c4cccc(C2=C1)c34
ORAVERSE; PHENTOLAMINE MESYLATE,Cc1ccc(cc1)N(CC1=NCCN1)c1cccc(O)c1
ERYTHROMYCIN ESTOLATE; ERYTHROMYCIN ESTOLATE,CCCCCCCCCCCCOS(O)(=O)=O.CC[C@H]1OC(=O)[C@H](C)[C@@H](O[C@H]2C[C@@](C)(OC)[C@@H](O)[C@H](C)O2)[C@H](C)[C@@H](O[C@@H]2O[C@H](C)C[C@@H]([C@H]2OC(=O)CC)N(C)C)[C@](C)(O)C[C@@H](C)C(=O)[C@H](C)[C@@H](O)[C@]1(C)O
DIAL; HEXACHLOROPHENE,Oc1c(Cl)cc(Cl)c(Cl)c1Cc1c(O)c(Cl)cc(Cl)c1Cl
EXTINA; KETOCONAZOLE,CC(=O)N1CCN(CC1)c1ccc(OC[C@@H]2CO[C@](Cn3ccnc3)(O2)c2ccc(Cl)cc2Cl)cc1
TERAZOL 3; TERCONAZOLE,CC(C)N1CCN(CC1)c1ccc(OC[C@@H]2CO[C@](Cn3cncn3)(O2)c2ccc(Cl)cc2Cl)cc1
EXELDERM; SULCONAZOLE NITRATE,Clc1ccc(CSC(Cn2ccnc2)c2ccc(Cl)cc2Cl)cc1
MICONAZOLE 3 COMBINATION PACK; MICONAZOLE NITRATE,Clc1ccc(COC(Cn2ccnc2)c2ccc(Cl)cc2Cl)c(Cl)c1
ECONAZOLE NITRATE; ECONAZOLE NITRATE,Clc1ccc(COC(Cn2ccnc2)c2ccc(Cl)cc2Cl)cc1
CLOTRIMAZOLE AND BETAMETHASONE DIPROPIONATE; CLOTRIMAZOLE,Clc1ccccc1C(c1ccccc1)(c1ccccc1)n1ccnc1
"FULVICIN P/G 165; GRISEOFULVIN, ULTRAMICROCRYSTALLINE",COC1=CC(=O)C[C@@H](C)[C@]11Oc2c(C1=O)c(OC)cc(OC)c2Cl
ATRALIN; TRETINOIN,C\C(\C=C\C1=C(C)CCCC1(C)C)=C/C=C/C(/C)=C/C(O)=O
PANRETIN; ALITRETINOIN,C\C(\C=C\C1=C(C)CCCC1(C)C)=C\C=C\C(\C)=C\C(O)=O
CIDOFOVIR; CIDOFOVIR,Nc1ccn(C[C@@H](CO)OCP(O)(O)=O)c(=O)n1
CERUBIDINE; DAUNORUBICIN HYDROCHLORIDE,COc1cccc2C(=O)c3c(O)c4C[C@](O)(C[C@H](O[C@H]5C[C@H](N)[C@H](O)[C@H](C)O5)c4c(O)c3C(=O)c12)C(C)=O
PYLERA; TETRACYCLINE,CN(C)[C@H]1[C@@H]2C[C@H]3C(C(=O)c4c(O)cccc4[C@@]3(C)O)C(=O)[C@]2(O)C(=O)C(C(N)=O)C1=O
CAPITROL; CHLOROXINE,Oc1c(Cl)cc(Cl)c2cccnc12
NYSTAFORM; CLIOQUINOL,Oc1c(I)cc(Cl)c2cccnc12
ALCOHOL 10% AND DEXTROSE 5%; DEXTROSE,OC[C@H]1OC(O)[C@H](O)[C@@H](O)[C@@H]1O
ADVICOR; LOVASTATIN,CC[C@H](C)C(=O)O[C@H]1C[C@@H](C)C=C2C=C[C@H](C)[C@H](CC[C@@H]3C[C@@H](O)CC(=O)O3)[C@@H]12
OXCARBAZEPINE; OXCARBAZEPINE,NC(=O)N1c2ccccc2CC(=O)c2ccccc12
ALPHAGAN; BRIMONIDINE TARTRATE,Brc1c(NC2=NCCN2)ccc2nccnc12
AMRINONE LACTATE; INAMRINONE LACTATE,Nc1cc(c[nH]c1=O)-c1ccncc1
LUDIOMIL; MAPROTILINE HYDROCHLORIDE,CNCCCC12CCC(c3ccccc13)c1ccccc21
DESIPRAMINE HYDROCHLORIDE; DESIPRAMINE HYDROCHLORIDE,CNCCCN1c2ccccc2CCc2ccccc12
OLANZAPINE AND FLUOXETINE HYDROCHLORIDE; OLANZAPINE,CN1CCN(CC1)C1=Nc2ccccc2Nc2sc(C)cc12
OLANZAPINE AND FLUOXETINE HYDROCHLORIDE; OLANZAPINE,C[C@H](c1ccccc1)n1cncc1C(=O)OCCC1(C)N=N1
OLANZAPINE AND FLUOXETINE HYDROCHLORIDE; OLANZAPINE,CC(C)c1cc(C(C)C)c(OCC(F)(F)F)c(c1)-c1cnccc1\C=C\C(\C)=C\C(O)=O
ALLOPURINOL; ALLOPURINOL,O=c1[nH]cnc2n[nH]cc12
DICUMAROL; DICUMAROL,Oc1c(Cc2c(O)c3ccccc3oc2=O)c(=O)oc2ccccc12
SAMSCA; TOLVAPTAN,Cc1ccccc1C(=O)Nc1ccc(C(=O)N2CCCC(O)c3cc(Cl)ccc23)c(C)c1
CERVIDIL; DINOPROSTONE,CCCCC[C@H](O)\C=C\[C@H]1[C@H](O)CC(=O)[C@@H]1C\C=C/CCCC(O)=O
ADVIL ALLERGY AND CONGESTION RELIEF; CHLORPHENIRAMINE MALEATE,CN(C)CCC(c1ccc(Cl)cc1)c1ccccn1
ADVIL ALLERGY AND CONGESTION RELIEF; PHENYLEPHRINE HYDROCHLORIDE,C[NH2+]C[C@H](O)c1cccc(O)c1
HEMANGEOL; PROPRANOLOL HYDROCHLORIDE,CC(C)[NH2+]C[C@@H](O)COc1cccc2ccccc12
AMMONUL; SODIUM BENZOATE,[O-]C(=O)c1ccccc1
BUPHENYL; SODIUM PHENYLBUTYRATE,[O-]C(=O)CCCc1ccccc1
DOCEFREZ; DOCETAXEL,CC(=O)O[C@@]12CO[C@@H]1C[C@H](O)[C@]1(C)[C@@H]2[C@H](OC(=O)c2ccccc2)[C@]2(O)C[C@H](OC(=O)[C@H](O)[C@@H](NC(=O)OC(C)(C)C)c3ccccc3)C(C)=C([C@@H](O)C1=O)C2(C)C
RAPAMUNE; SIROLIMUS,CO[C@@H]1C[C@H](C[C@@H](C)[C@@H]2CC(=O)[C@H](C)\C=C(C)\[C@@H](O)[C@@H](OC)C(=O)[C@H](C)C[C@H](C)\C=C\C=C\C=C(C)\[C@H](C[C@@H]3CC[C@@H](C)[C@@](O)(O3)C(=O)C(=O)N3CCCC[C@H]3C(=O)O2)OC)CC[C@H]1O
ARESTIN; MINOCYCLINE HYDROCHLORIDE,CN(C)[C@@H]1C2CC3Cc4c(ccc(O)c4C(=O)C3C(=O)[C@@]2(O)C(=O)C(C(N)=O)C1=O)N(C)C
AUREOMYCIN; CHLORTETRACYCLINE HYDROCHLORIDE,CN(C)[C@H]1[C@@H]2CC3C(C(=O)c4c(O)ccc(Cl)c4[C@@]3(C)O)C(=O)[C@]2(O)C(=O)C(C(N)=O)C1=O
TERRAMYCIN; OXYTETRACYCLINE,CN(C)[C@H]1[C@@H]2[C@@H](O)[C@H]3C(C(=O)c4c(O)cccc4[C@@]3(C)O)C(=O)[C@]2(O)C(=O)C(C(N)=O)C1=O
HEXALEN; ALTRETAMINE,CN(C)c1nc(nc(n1)N(C)C)N(C)C
HYDROXYZINE PAMOATE; HYDROXYZINE PAMOATE,OC(=O)c1cc2ccccc2c(Cc2c(O)c(cc3ccccc23)C(O)=O)c1O
MARQIBO KIT; VINCRISTINE SULFATE,CC[C@]1(O)C[C@@H]2CN(C1)CCc1c([nH]c3ccccc13)[C@@](C2)(C(=O)OC)c1cc2c(cc1OC)N(C=O)[C@@H]1[C@]22CCN3CC=C[C@](CC)([C@@H]23)[C@@H](OC(C)=O)[C@]1(O)C(=O)OC
CLADRIBINE; CLADRIBINE,Nc1nc(Cl)nc2n(cnc12)[C@H]1C[C@H](O)[C@@H](CO)O1
ANISOTROPINE METHYLBROMIDE; ANISOTROPINE METHYLBROMIDE,CCCC(CCC)C(=O)OC1C[C@@H]2CC[C@H](C1)[N+]2(C)C
SULFAPYRIDINE; SULFAPYRIDINE,Nc1ccc(cc1)S(=O)(=O)Nc1ccccn1
BETHANECHOL CHLORIDE; BETHANECHOL CHLORIDE,CC(C[N+](C)(C)C)OC(N)=O
PROCAINAMIDE HCL; PROCAINAMIDE HYDROCHLORIDE,CCN(CC)CCNC(=O)c1ccc(N)cc1
CLOBETASOL PROPIONATE; CLOBETASOL PROPIONATE,CCC(=O)O[C@@]1([C@@H](C)C[C@H]2[C@@H]3CCC4=CC(=O)C=C[C@]4(C)[C@@]3(F)[C@@H](O)C[C@]12C)C(=O)CCl
CINOBAC; CINOXACIN,CCn1nc(C(O)=O)c(=O)c2cc3OCOc3cc12
ALDOCLOR-150; CHLOROTHIAZIDE,NS(=O)(=O)c1cc2c(cc1Cl)N=CNS2(=O)=O
EMSAM; SELEGILINE,CC(Cc1ccccc1)N(C)CC#C
NABUMETONE; NABUMETONE,COc1ccc2cc(CCC(C)=O)ccc2c1
DIENESTROL; DIENESTROL,C\C=C(\C(=C\C)\c1ccc(O)cc1)/c1ccc(O)cc1
FELODIPINE; FELODIPINE,CCOC(=O)C1=C(C)N=C(C)C(C1c1cccc(Cl)c1Cl)C(=O)OC
ARISTOCORT; TRIAMCINOLONE,C[C@]12C[C@H](O)[C@@]3(F)[C@@H](CCC4=CC(=O)C=C[C@]34C)[C@@H]1C[C@@H](O)[C@]2(O)C(=O)CO
CECLOR CD; CEFACLOR,N[C@@H](C(=O)N[C@H]1[C@H]2SCC(Cl)=C(N2C1=O)C(O)=O)c1ccccc1
COSMEGEN; DACTINOMYCIN,CC(C)[C@H]1NC(=O)[C@@H](NC(=O)c2ccc(C)c3oc4c(C)c(=O)c(N)c(C(=O)N[C@H]5[C@@H](C)OC(=O)[C@H](C(C)C)N(C)C(=O)CN(C)C(=O)[C@@H]6CCCN6C(=O)[C@H](NC5=O)C(C)C)c4nc23)[C@@H](C)OC(=O)[C@H](C(C)C)N(C)C(=O)CN(C)C(=O)[C@@H]2CCCN2C1=O
DECADRON-LA; DEXAMETHASONE ACETATE,Clc1ccc(c(Br)c1)S(=O)(=O)N1CCCCC1
ALLERNAZE; TRIAMCINOLONE ACETONIDE,CCN(C1CCCCC1)S(=O)(=O)c1cc(C)ccc1OC
CORDRAN; FLURANDRENOLIDE,CC1CCN(CC1)S(=O)(=O)c1ccc(Br)s1
NEBUPENT; PENTAMIDINE ISETHIONATE,NC(=N)c1ccc(OCCCCCOc2ccc(cc2)C(N)=N)cc1
DIGOXIN; DIGOXIN,C[C@H]1O[C@H](C[C@H](O)[C@@H]1O)O[C@H]1[C@@H](O)C[C@H](O[C@H]2[C@@H](O)C[C@H](O[C@H]3CC[C@@]4(C)[C@H](CC[C@@H]5[C@@H]4C[C@@H](O)[C@]4(C)[C@H](CC[C@]54O)C4=CC(=O)OC4)C3)O[C@@H]2C)O[C@@H]1C
CRYSTODIGIN; DIGITOXIN,C[C@H]1O[C@H](C[C@H](O)[C@@H]1O)O[C@H]1[C@@H](O)C[C@H](O[C@H]2[C@@H](O)C[C@H](O[C@H]3CC[C@@]4(C)[C@H](CC[C@@H]5[C@@H]4CC[C@]4(C)[C@H](CC[C@]54O)C4=CC(=O)OC4)C3)O[C@@H]2C)O[C@@H]1C
"LANSOPRAZOLE, AMOXICILLIN AND CLARITHROMYCIN; LANSOPRAZOLE",Cc1c(OCC(F)(F)F)ccnc1CS(=O)c1nc2ccccc2[nH]1
DEFEROXAMINE MESYLATE; DEFEROXAMINE MESYLATE,CC(=O)N(O)CCCCCNC(=O)CCC(=O)N(O)CCCCCNC(=O)CCC(=O)N(O)CCCCCN
CLOPRA; METOCLOPRAMIDE HYDROCHLORIDE,CCN(CC)CCNC(=O)c1cc(Cl)c(N)cc1OC
ALDOCLOR-150; METHYLDOPA,C[C@](N)(Cc1ccc(O)c(O)c1)C(O)=O
HEAVY SOLUTION NUPERCAINE; DIBUCAINE HYDROCHLORIDE,CCCCOc1cc(C(=O)NCCN(CC)CC)c2ccccc2n1
PROVOCHOLINE; METHACHOLINE CHLORIDE,CC(C[N+](C)(C)C)OC(C)=O
EUTHROID-0.5; TRIIODOTHYRONINE,N[C@@H](Cc1cc(I)c(Oc2ccc(O)c(I)c2)c(I)c1)C([O-])=O
ELLENCE; EPIRUBICIN HYDROCHLORIDE,CCOC(=O)Cn1c(=O)n(C)c2nc(N3CCCCC3)n(Cc3ccccc3)c2c1=O
ACTICLATE CAP; DOXYCYCLINE HYCLATE,C[C@@H]1[C@H]2[C@H](O)[C@H]3[C@H](N(C)C)C(=O)C(C(N)=O)C(=O)[C@@]3(O)C(=O)C2C(=O)c2c(O)cccc12
ARESTIN; MINOCYCLINE HYDROCHLORIDE,CN(C)C1C2CC3Cc4c(ccc(O)c4C(=O)C3C(=O)[C@]2(O)C(=O)C(C(N)=O)C1=O)N(C)C
CEFDINIR; CEFDINIR,Nc1nc(cs1)C(N=O)C(=O)N[C@H]1[C@H]2SCC(C=C)=C(N2C1=O)C(O)=O
ACTICLATE CAP; DOXYCYCLINE HYCLATE,C[C@@H]1C2C(O)C3[C@H](N(C)C)C(=O)C(C(N)=O)C(=O)[C@@]3(O)C(=O)C2C(=O)c2c(O)cccc12
OXY-KESSO-TETRA; OXYTETRACYCLINE HYDROCHLORIDE,CN(C)[C@H]1C2C(O)C3C(C(=O)c4c(O)cccc4[C@@]3(C)O)C(=O)[C@]2(O)C(=O)C(C(N)=O)C1=O
ACTIGALL; URSODIOL,C[C@H](CCC(O)=O)[C@H]1CC[C@H]2[C@@H]3[C@@H](O)C[C@@H]4C[C@H](O)CC[C@]4(C)[C@H]3CC[C@]12C
ACTIGALL; URSODIOL,C[C@H](CCC(O)=O)[C@H]1CC[C@H]2[C@@H]3CC[C@@H]4C[C@H](O)CC[C@]4(C)[C@H]3C[C@H](O)[C@]12C
BUNAVAIL; NALOXONE HYDROCHLORIDE,Oc1ccc2C[C@H]3N(CC=C)CC[C@@]45[C@@H](Oc1c24)C(=O)CC[C@@]35O
SOLATENE; BETA CAROTENE,C\C(\C=C\C=C(/C)\C=C\C1=C(C)CCCC1(C)C)=C/C=C/C=C(\C)/C=C/C=C(\C)/C=C/C1=C(C)CCCC1(C)C
CLOMID; CLOMIPHENE CITRATE,CCN(CC)CCOc1ccc(cc1)C(=C(\Cl)c1ccccc1)\c1ccccc1
FURADANTIN; NITROFURANTOIN,[O-][N+](=O)c1ccc(\C=N\N2CC(=O)NC2=O)o1
FARESTON; TOREMIFENE CITRATE,CN(C)CCOc1ccc(cc1)C(=C(\CCCl)c1ccccc1)\c1ccccc1
COLY-MYCIN S; THONZONIUM BROMIDE,CCCCCCCCCCCCCCCC[N+](C)(C)CCN(Cc1ccc(OC)cc1)c1ncccn1
DYNABAC; DIRITHROMYCIN,CC[C@H]1OC(=O)[C@H](C)[C@@H](O[C@H]2C[C@@](C)(OC)[C@@H](O)[C@H](C)O2)[C@H](C)[C@@H](O[C@@H]2O[C@H](C)C[C@@H]([C@H]2O)N(C)C)[C@](C)(O)C[C@@H](C)[C@@H]2N[C@@H](COCCOC)O[C@H]([C@H]2C)[C@]1(C)O
CONTRAVE; NALTREXONE HYDROCHLORIDE,Oc1ccc2C[C@H]3N(CC4CC4)CC[C@@]45[C@@H](Oc1c24)C(=O)CC[C@@]35O
CORLOPAM; FENOLDOPAM MESYLATE,Oc1ccc(cc1)C1CNCCc2c(Cl)c(O)c(O)cc12
APRISO; MESALAMINE,Nc1ccc(O)c(c1)C(O)=O
DEPINAR; TANNIC ACID,Oc1cc(cc(O)c1O)C(=O)Oc1cc(cc(O)c1O)C(=O)OC[C@H]1O[C@@H](OC(=O)c2cc(O)c(O)c(OC(=O)c3cc(O)c(O)c(O)c3)c2)[C@H](OC(=O)c2cc(O)c(O)c(OC(=O)c3cc(O)c(O)c(O)c3)c2)[C@@H](OC(=O)c2cc(O)c(O)c(OC(=O)c3cc(O)c(O)c(O)c3)c2)[C@@H]1OC(=O)c1cc(O)c(O)c(OC(=O)c2cc(O)c(O)c(O)c2)c1
HALFLYTELY; BISACODYL,CC(=O)Oc1ccc(cc1)C(c1ccc(OC(C)=O)cc1)c1ccccn1
FLUVOXAMINE MALEATE; FLUVOXAMINE MALEATE,COCCCCC(=NOCCN)c1ccc(cc1)C(F)(F)F
DEMADEX; TORSEMIDE,CC(C)NC(=O)NS(=O)(=O)c1cnccc1Nc1cccc(C)c1
ANCOBON; FLUCYTOSINE,Cc1cc(cc(C)c1CCS(=O)(=O)N1CCC2(CC1)N=C(NC2=O)c1ccc(OC(F)(F)F)c(F)c1)N1C(=O)NC(=O)C1(C)C
CICLOPIROX; CICLOPIROX,Cc1cc(C2CCCCC2)n(O)c(=O)c1
LISINOPRIL AND HYDROCHLOROTHIAZIDE; LISINOPRIL,NCCCC[C@H](N[C@@H](CCc1ccccc1)C(O)=O)C(=O)N1CCC[C@H]1C(O)=O
VESPRIN; TRIFLUPROMAZINE,CN(C)CCCN1c2ccccc2Sc2ccc(cc12)C(F)(F)F
DELALUTIN; HYDROXYPROGESTERONE CAPROATE,CCCCCC(=O)O[C@@]1(CC[C@H]2[C@@H]3CCC4=CC(=O)CC[C@]4(C)[C@H]3CC[C@]12C)C(C)=O
BROMOCRIPTINE MESYLATE; BROMOCRIPTINE MESYLATE,CS(O)(=O)=O.CC(C)C[C@@H]1N2C(=O)[C@](NC(=O)[C@H]3CN(C)C4Cc5c(Br)[nH]c6cccc(C4=C3)c56)(O[C@@]2(O)[C@@H]2CCCN2C1=O)C(C)C
ELOXATIN; OXALIPLATIN,COCCOc1cc(O)c(C=O)c2oc(=O)c(C)c(C)c12
DANAZOL; DANAZOL,CC12CCC3C(CCC4=Cc5oncc5CC34C)C1CC[C@@]2(O)C#C
CELESTONE; BETAMETHASONE,C[C@H]1C[C@H]2[C@@H]3CCC4=CC(=O)C=C[C@]4(C)[C@@]3(F)[C@@H](O)C[C@]2(C)[C@@]1(O)C(=O)CO
PRANTAL; DIPHEMANIL METHYLSULFATE,C[N+]1(C)CCC(CC1)=C(c1ccccc1)c1ccccc1
ANTHELIOS 20; OCTOCRYLENE,CCCCC(CC)COC(=O)C(C#N)=C(c1ccccc1)c1ccccc1
BILTRICIDE; PRAZIQUANTEL,O=C(C1CCCCC1)N1CC2N(CCc3ccccc23)C(=O)C1
BECLOVENT; BECLOMETHASONE DIPROPIONATE,Cc1ccc(NC(=O)c2ccccc2)cc1-c1cc(N2CCOCC2)c(=O)n(C)c1
ANAFRANIL; CLOMIPRAMINE HYDROCHLORIDE,CN(C)CCCN1c2ccccc2CCc2ccc(Cl)cc12
FLUPHENAZINE HCL; FLUPHENAZINE HYDROCHLORIDE,OCCN1CCN(CCCN2c3ccccc3Sc3ccc(cc23)C(F)(F)F)CC1
COMPAZINE; PROCHLORPERAZINE,CN1CCN(CCCN2c3ccccc3Sc3ccc(Cl)cc23)CC1
POVAN; PYRVINIUM PAMOATE,OC(=O)c1cc2ccccc2c(Cc2c(O)c(cc3ccccc23)C([O-])=O)c1O
TORECAN; THIETHYLPERAZINE MALATE,CCSc1ccc2Sc3ccccc3N(CCCN3CCN(C)CC3)c2c1
NAVANE; THIOTHIXENE,CN(C)S(=O)(=O)c1ccc2Sc3ccccc3\C(=C\CCN3CCN(C)CC3)c2c1
BEPADIN; BEPRIDIL HYDROCHLORIDE,CC(C)COCC(CN(Cc1ccccc1)c1ccccc1)N1CCCC1
ZELNORM; TEGASEROD MALEATE,CCCCCN=C(N)NN=Cc1c[nH]c2ccc(OC)cc12
LARIAM; MEFLOQUINE HYDROCHLORIDE,O[C@H]([C@H]1CCCCN1)c1cc(nc2c(cccc12)C(F)(F)F)C(F)(F)F
AMLODIPINE AND OLMESARTAN MEDOXOMIL; AMLODIPINE,CCOC(=O)C1=C(COCCN)N=C(C)C(C1c1ccccc1Cl)C(=O)OC
BUTOCONAZOLE NITRATE; BUTOCONAZOLE NITRATE,Clc1ccc(CCC(Cn2ccnc2)Sc2c(Cl)cccc2Cl)cc1
HALFAN; HALOFANTRINE HYDROCHLORIDE,CCCCN(CCCC)CCC(O)c1cc2c(Cl)cc(Cl)cc2c2cc(ccc12)C(F)(F)F
OXYPHENBUTAZONE; OXYPHENBUTAZONE,CCCCc1c(O)n(-c2ccc(O)cc2)n(-c2ccccc2)c1=O
WYAMINE SULFATE; MEPHENTERMINE SULFATE,CNC(C)(C)Cc1ccccc1
PAREDRINE; HYDROXYAMPHETAMINE HYDROBROMIDE,CC(N)Cc1ccc(O)cc1
APRESAZIDE; HYDRALAZINE HYDROCHLORIDE,NNc1nncc2ccccc12
ARTANE; TRIHEXYPHENIDYL HYDROCHLORIDE,OC(CCN1CCCCC1)(C1CCCCC1)c1ccccc1
LONITEN; MINOXIDIL,Nc1cc(nc(=N)n1O)N1CCCCC1
CARBINOXAMINE MALEATE; CARBINOXAMINE MALEATE,CN(C)CCOC(c1ccc(Cl)cc1)c1ccccn1
AMBENYL; BROMODIPHENHYDRAMINE HYDROCHLORIDE,CN(C)CCOC(c1ccccc1)c1ccc(Br)cc1
ANTIVERT; MECLIZINE HYDROCHLORIDE,Cc1cccc(CN2CCN(CC2)C(c2ccccc2)c2ccc(Cl)cc2)c1
METHDILAZINE HYDROCHLORIDE; METHDILAZINE HYDROCHLORIDE,CN1CCC(CN2c3ccccc3Sc3ccccc23)C1
PBZ-SR; TRIPELENNAMINE HYDROCHLORIDE,CN(C)CCN(Cc1ccccc1)c1ccccn1
FLUOXETINE; FLUOXETINE HYDROCHLORIDE,CNCC[C@H](Oc1ccc(cc1)C(F)(F)F)c1ccccc1
DUTOPROL; METOPROLOL SUCCINATE,COCCc1ccc(OC[C@@H](O)CNC(C)C)cc1
DUTOPROL; METOPROLOL SUCCINATE,COCCc1ccc(OC[C@H](O)CNC(C)C)cc1
DILOR-400; DYPHYLLINE,Cn1c2ncn(CC(O)CO)c2c(=O)n(C)c1=O
ACCURBRON; THEOPHYLLINE,Cn1c2[nH]cnc2c(=O)n(C)c1=O
NISOLDIPINE; NISOLDIPINE,COC(=O)C1C(C(C(=O)OCC(C)C)=C(C)N=C1C)c1ccccc1[N+]([O-])=O
EFFEXOR; VENLAFAXINE HYDROCHLORIDE,COc1ccc(cc1)C(CN(C)C)C1(O)CCCCC1
SPRYCEL; DASATINIB,Cc1nc(cc(n1)N1CCN(CCO)CC1)N=C1NCC(S1)C(=O)Nc1c(C)cccc1Cl
PEPTAVLON; PENTAGASTRIN,CSCCC(NC(=O)C(Cc1c[nH]c2ccccc12)NC(=O)CCNC(=O)OCC(C)C)C(=O)NC(CC(O)=O)C(=O)NC(Cc1ccccc1)C(N)=O
CODEINE SULFATE; CODEINE SULFATE,COc1ccc2CC3C4C=CC(O)C5Oc1c2C45CCN3C
COMPOUND 65; PROPOXYPHENE HYDROCHLORIDE,CCC(=O)O[C@@](Cc1ccccc1)([C@H](C)CN(C)C)c1ccccc1
MYDRIACYL; TROPICAMIDE,CCN(Cc1ccncc1)C(=O)C(CO)c1ccccc1
AK-PENTOLATE; CYCLOPENTOLATE HYDROCHLORIDE,CN(C)CCOC(=O)C(c1ccccc1)C1(O)CCCC1
SECREFLO; SECRETIN,CC[C@H](C)[C@H](NC(=O)[C@H](CC(C)C)NC(=O)[C@H](CO)NC(=O)[C@H](CCC(O)=O)NC(=O)[C@H](CC(C)C)NC(=O)[C@H](Cc1ccc(O)cc1)NC(=O)[C@H](CCCCN)NC(=O)[C@H](CCCCN)NC(=O)[C@H](C)NC(=O)[C@H](CO)NC(=O)[C@@H](NC(=O)[C@H](CCC(N)=O)NC(=O)CNC(=O)[C@H](CC(C)C)NC(=O)[C@H](CC(C)C)NC(=O)[C@H](CCCN=C(N)N)NC(=O)[C@H](CO)NC(=O)[C@H](Cc1ccc(O)cc1)NC(=O)[C@H](CC(O)=O)NC(=O)[C@H](CO)NC(=O)[C@@H](NC(=O)[C@H](Cc1ccccc1)NC(=O)[C@@H](NC(=O)CNC(=O)[C@H](CC(O)=O)NC(=O)[C@H](C)NC(=O)[C@@H](N)Cc1cnc[nH]1)C(C)C)[C@@H](C)O)[C@@H](C)CC)C(=O)NCC(N)=O
SOMATULINE DEPOT; LANREOTIDE ACETATE,CC(C)[C@@H]1NC(=O)[C@H](CCCCN)NC(=O)[C@@H](Cc2c[nH]c3ccccc23)NC(=O)[C@H](Cc2ccc(O)cc2)NC(=O)[C@H](CSSC[C@H](NC1=O)C(=O)N[C@@H]([C@@H](C)O)C(N)=O)NC(=O)[C@H](N)Cc1ccc2ccccc2c1
TINDAL; ACETOPHENAZINE MALEATE,CC(=O)c1ccc2Sc3ccccc3N(CCCN3CCN(CCO)CC3)c2c1
OLANZAPINE AND FLUOXETINE HYDROCHLORIDE; OLANZAPINE,CN1CCN(CC1)C1=c2cc(C)sc2=Nc2ccccc2N1
CEFUROXIME AND DEXTROSE IN DUPLEX CONTAINER; CEFUROXIME SODIUM,CON=C(C(=O)N[C@H]1[C@H]2SCC(COC(N)=O)=C(N2C1=O)C([O-])=O)c1ccco1
ALFENTA; ALFENTANIL HYDROCHLORIDE,CCC(=O)N(c1ccccc1)C1(COC)CCN(CCn2nnn(CC)c2=O)CC1
CODOXY; OXYCODONE HYDROCHLORIDE,COc1ccc2C[C@H]3N(C)CC[C@@]45C(Oc1c24)C(=O)CC[C@@]35O
BEROCCA PN; CYANOCOBALAMIN,C[C@H](CNC(=O)CC[C@]1(C)[C@@H](CC(N)=O)[C@H]2N=C1C(C)=C1N=C(C=C3[N-]C(=C(C)C4=N[C@]2(C)[C@@](C)(CC(N)=O)[C@@H]4CCC(N)=O)[C@@](C)(CC(N)=O)[C@@H]3CCC(N)=O)C(C)(C)[C@@H]1CCC(N)=O)OP([O-])(=O)O[C@@H]1[C@@H](CO)O[C@@H]([C@@H]1O)n1cnc2cc(C)c(C)cc12
CEFIXIME; CEFIXIME,Nc1nc(cs1)C(=N\OCC(O)=O)\C(=O)N[C@H]1[C@H]2SCC(C=C)=C(N2C1=O)C(O)=O
BEVESPI AEROSPHERE; FORMOTEROL FUMARATE,COc1ccc(cc1)[C@H](C)NC[C@H](O)c1ccc(O)c(NC=O)c1
ADRENACLICK; EPINEPHRINE,CNCC(O)c1ccc(O)c(O)c1
AKPRO; DIPIVEFRIN HYDROCHLORIDE,CCOc1nnc(cc1N1CCOCC1)-c1cc(NC(=O)c2ccnc(c2)C(C)(F)F)cnc1C
SYNAREL; NAFARELIN ACETATE,CC(C)C[C@H](NC(=O)[C@@H](Cc1ccc2ccccc2c1)NC(=O)[C@H](Cc1ccc(O)cc1)NC(=O)[C@H](CO)NC(=O)[C@H](Cc1c[nH]c2ccccc12)NC(=O)[C@H](Cc1cnc[nH]1)NC(=O)[C@@H]1CCC(=O)N1)C(=O)N[C@@H](CCCN=C(N)N)C(=O)N1CCC[C@H]1C(=O)NCC(N)=O
MERIDIA; SIBUTRAMINE HYDROCHLORIDE,CC(C)CC(N(C)C)C1(CCC1)c1ccc(Cl)cc1
CAPRELSA; VANDETANIB,CN1CCC(COc2cc3ncnc(Cc4ccc(Br)cc4F)c3cc2C)CC1
CETIRIZINE HYDROCHLORIDE ALLERGY; CETIRIZINE HYDROCHLORIDE,OC(=O)COCCN1CCN(CC1)[C@@H](c1ccccc1)c1ccc(Cl)cc1
CETIRIZINE HYDROCHLORIDE ALLERGY; CETIRIZINE HYDROCHLORIDE,OC(=O)COCCN1CCN(CC1)[C@H](c1ccccc1)c1ccc(Cl)cc1
OXAZEPAM; OXAZEPAM,OC1N=C(c2ccccc2)c2cc(Cl)ccc2NC1=O
VAPRISOL; CONIVAPTAN HYDROCHLORIDE,Cc1nc-2c(CCN(C(=O)c3ccc(NC(=O)c4ccccc4-c4ccccc4)cc3)c3ccccc-23)[nH]1
ARTHROTEC; MISOPROSTOL,CCCCC(C)(O)CC=CC1C(O)CC(=O)C1CCCCCCC(=O)OC
LATUDA; LURASIDONE HYDROCHLORIDE,O=C1[C@H]2[C@@H]3CC[C@@H](C3)[C@H]2C(=O)N1C[C@@H]1CCCC[C@H]1CN1CCN(CC1)c1nsc2ccccc12
HELIDAC; BISMUTH SUBSALICYLATE,[BiH3]
FELDENE; PIROXICAM,CN1C(C(=O)Nc2ccccn2)=C(O)c2ccccc2S1(=O)=O
ONDANSETRON HYDROCHLORIDE AND DEXTROSE IN PLASTIC CONTAINER; ONDANSETRON HYDROCHLORIDE,Cc1nccn1CC1CCc2c(C1=O)c1ccccc1n2C
MALATHION; MALATHION,CCOC(=O)CC(SP(=S)(OC)OC)C(=O)OCC
TICLID; TICLOPIDINE HYDROCHLORIDE,Clc1ccccc1CN1CCc2sccc2C1
ARTHROTEC; MISOPROSTOL,CCCCC(C)(O)C\C=C\[C@H]1[C@H](O)CC(=O)[C@@H]1CCCCCCC(=O)OC
PRE-SATE; CHLORPHENTERMINE HYDROCHLORIDE,CC(C)(N)Cc1ccc(Cl)cc1
CYTOVENE; GANCICLOVIR,Nc1nc2n(COC(CO)CO)cnc2c(=O)[nH]1
CELEXA; CITALOPRAM HYDROBROMIDE,CN(C)CCC[C@@]1(OCc2cc(ccc12)C#N)c1ccc(F)cc1
CABERGOLINE; CABERGOLINE,CCNC(=O)N(CCCN(C)C)C(=O)C1CC2C(Cc3c[nH]c4cccc2c34)N(CC=C)C1
NAVANE; THIOTHIXENE,CN(C)S(=O)(=O)c1ccc2Sc3ccccc3C(=CCCN3CCN(C)CC3)c2c1
OXYTOCIN 10 USP UNITS IN DEXTROSE 5%; OXYTOCIN,CCC(C)C1NC(=O)C(Cc2ccc(O)cc2)NC(=O)C(N)CSSCC(NC(=O)C(CC(N)=O)NC(=O)C(CCC(N)=O)NC1=O)C(=O)N1CCCC1C(=O)NC(CC(C)C)C(=O)NCC(N)=O
ATNAA; ATROPINE,CN1C2CCC1CC(C2)OC(=O)C(CO)c1ccccc1
PINDAC; PINACIDIL,CC(N=C(NC#N)Nc1ccncc1)C(C)(C)C
DIAZOXIDE; DIAZOXIDE,CC1=Nc2ccc(Cl)cc2S(=O)(=O)N1
SAVELLA; MILNACIPRAN HYDROCHLORIDE,CCN(CC)C(=O)[C@@]1(C[C@@H]1CN)c1ccccc1
VIVITROL; NALTREXONE,Oc1ccc2CC3N(CC4CC4)CCC45C(Oc1c24)C(=O)CCC35O
SONATA; ZALEPLON,CCN(C(C)=O)c1cccc(c1)-c1ccnc2c(cnn12)C#N
QUTENZA; CAPSAICIN,COc1cc(CNC(=O)CCCCC=CC(C)C)ccc1O
PITAVASTATIN; PITAVASTATIN,O[C@H](C[C@H](O)\C=C\c1c(nc2ccccc2c1-c1ccc(F)cc1)C1CC1)CC(O)=O
DESVENLAFAXINE; DESVENLAFAXINE,CN(C)CC(c1ccc(O)cc1)C1(O)CCCCC1
VUMON; TENIPOSIDE,COc1cc(cc(OC)c1O)C1C2C(COC2=O)C(OC2OC3COC(OC3C(O)C2O)c2cccs2)c2cc3OCOc3cc12
CEFIXIME; CEFIXIME,Nc1nc(cs1)C(=N/OCC(O)=O)\C(=O)N[C@H]1[C@H]2SCC(C=C)=C(N2C1=O)C(O)=O
FLUOR-OP; FLUOROMETHOLONE,CC1CC2C3CCC(O)(C(C)=O)C3(C)CC(O)C2(F)C2(C)C=CC(=O)C=C12
IMIPENEM AND CILASTATIN; IMIPENEM,C[C@@H](O)[C@@H]1[C@H]2CC(SCCN=CN)[C@@H](N2C1=O)C(O)=O
ATRACURIUM BESYLATE; ATRACURIUM BESYLATE,COc1ccc(CC2c3cc(OC)c(OC)cc3CC[N+]2(C)CCC(=O)OCCCCCOC(=O)CC[N+]2(C)CCc3cc(OC)c(OC)cc3C2Cc2ccc(OC)c(OC)c2)cc1OC
BALANCED SALT; SODIUM CITRATE,OC(CC([O-])=O)(CC([O-])=O)C([O-])=O
SUFENTANIL CITRATE; SUFENTANIL CITRATE,CCC(=O)N(c1ccccc1)C1(COC)CCN(CCc2cccs2)CC1
ALAWAY; KETOTIFEN FUMARATE,CN1CCC(CC1)=C1c2ccsc2C(=O)Cc2ccccc12
CLEMASTINE FUMARATE; CLEMASTINE FUMARATE,CN1CCC[C@@H]1CCO[C@](C)(c1ccccc1)c1ccc(Cl)cc1
E.E.S. 200; ERYTHROMYCIN ETHYLSUCCINATE,CCOC(=O)CCC(=O)O[C@H]1[C@H](O[C@@H]2[C@@H](C)[C@H](O[C@H]3C[C@@](C)(OC)[C@@H](O)[C@H](C)O3)[C@@H](C)C(=O)O[C@H](CC)[C@@](C)(O)[C@H](O)[C@@H](C)C(=O)[C@H](C)C[C@@]2(C)O)O[C@H](C)C[C@@H]1N(C)C
DACOGEN; DECITABINE,Nc1ncn([C@H]2C[C@H](O)[C@@H](CO)O2)c(=O)n1
TYZINE; TETRAHYDROZOLINE HYDROCHLORIDE,C1CN=C(N1)C1CCCc2ccccc12
RITODRINE HCL; RITODRINE HYDROCHLORIDE,C[C@H](NCCc1ccc(O)cc1)[C@H](O)c1ccc(O)cc1
EDROPHONIUM CHLORIDE PRESERVATIVE FREE; EDROPHONIUM CHLORIDE,CC[N+](C)(C)c1cccc(O)c1
ASTRAMORPH PF; MORPHINE SULFATE,CN1CC[C@@]23[C@H]4Oc5c2c(C[C@@H]1[C@@H]3C=C[C@@H]4O)ccc5O
SANCUSO; GRANISETRON,CN1C2CCCC1CC(C2)NC(=O)c1nn(C)c2ccccc12
ZYFLO CR; ZILEUTON,CC(N(O)C(N)=O)c1cc2ccccc2s1
DIASTAT ACUDIAL; DIAZEPAM,CN1c2ccc(Cl)cc2C(=NCC1=O)c1ccccc1
ADALAT CC; NIFEDIPINE,COC([O-])=C1C(C(C(=[OH+])OC)=C(C)N=C1C)c1ccccc1[N+]([O-])=O
ACETAMINOPHEN AND PENTAZOCINE HYDROCHLORIDE; PENTAZOCINE HYDROCHLORIDE,C[C@H]1[C@H]2Cc3ccc(O)cc3[C@]1(C)CCN2CC=C(C)C
NUMORPHAN; OXYMORPHONE HYDROCHLORIDE,CN1CC[C@@]23[C@H]4Oc5c2c(C[C@@H]1[C@]3(O)CCC4=O)ccc5O
ALPRAZOLAM; ALPRAZOLAM,Cc1nnc2CN=C(c3ccccc3)c3cc(Cl)ccc3-n12
HALCION; TRIAZOLAM,Cc1nnc2CN=C(c3ccccc3Cl)c3cc(Cl)ccc3-n12
ABRAXANE; PACLITAXEL,CC(=O)O[C@@H]1C2=C(C)[C@H](C[C@@](O)([C@@H](OC(=O)c3ccccc3)[C@@H]3[C@@]4(CO[C@@H]4C[C@H](O)[C@@]3(C)C1=O)OC(C)=O)C2(C)C)OC(=O)[C@H](O)[C@@H](NC(=O)c1ccccc1)c1ccccc1
BUSPAR; BUSPIRONE HYDROCHLORIDE,O=C1CC2(CCCC2)CC(=O)N1CCCCN1CCN(CC1)c1ncccn1
CLOZAPINE; CLOZAPINE,CN1CCN(CC1)C1=Nc2cc(Cl)ccc2Nc2ccccc12
CLOZAPINE; CLOZAPINE,CN1CCCC1COc1cnc(Cl)c(\C=C\c2cccnc2)c1
CLOZAPINE; CLOZAPINE,CCOC(=O)c1cncn1[C@H](C)c1ccccc1
RISPERDAL CONSTA; RISPERIDONE,Cc1nc2CCCCn2c(=O)c1CCN1CCC(CC1)c1noc2cc(F)ccc12
RISPERDAL CONSTA; RISPERIDONE,Clc1ncc(OCC2CCCN2)cc1\C=C\c1ccccn1
CHLORPROMAZINE HYDROCHLORIDE; CHLORPROMAZINE HYDROCHLORIDE,CN(C)CCCN1c2ccccc2Sc2ccc(Cl)cc12
ALBALON; NAPHAZOLINE HYDROCHLORIDE,C(C1=NCCN1)c1cccc2ccccc12
OLOPATADINE HYDROCHLORIDE; OLOPATADINE HYDROCHLORIDE,CN(C)CC\C=C1\c2ccccc2COc2ccc(CC(O)=O)cc12
MELLARIL-S; THIORIDAZINE,CSc1ccc2Sc3ccccc3N(CCC3CCCCN3C)c2c1
"ABACAVIR SULFATE, LAMIVUDINE AND ZIDOVUDINE; ZIDOVUDINE",Cc1cn([C@H]2C[C@H](N=[N+]=[N-])[C@@H](CO)O2)c(=O)[nH]c1=O
DAYPRO; OXAPROZIN,OC(=O)CCc1nc(c(o1)-c1ccccc1)-c1ccccc1
DEPAKENE; VALPROIC ACID,CCCC(CCC)C(O)=O
DILANTIN-125; PHENYTOIN,O=C1NC(=O)C(N1)(c1ccccc1)c1ccccc1
CARBAMAZEPINE; CARBAMAZEPINE,NC(=O)N1c2ccccc2C=Cc2ccccc12
LEUKERAN; CHLORAMBUCIL,OC(=O)CCCc1ccc(cc1)N(CCCl)CCCl
AGGRASTAT; TIROFIBAN HYDROCHLORIDE,CCCCS(=O)(=O)N[C@@H](Cc1ccc(OCCCCC2CCNCC2)cc1)C(O)=O
HABITROL; NICOTINE,CN1CCCC1c1cccnc1
"DEXTROSE 5% AND ELECTROLYTE NO. 48 IN PLASTIC CONTAINER; POTASSIUM PHOSPHATE, MONOBASIC",[K+].OP(O)([O-])=O
CARBACHOL; CARBACHOL,C[N+](C)(C)CCOC(N)=O
CARDIZEM CD; DILTIAZEM HYDROCHLORIDE,COc1ccc(cc1)[C@@H]1Sc2ccccc2N(CCN(C)C)C(=O)[C@@H]1OC(C)=O
DICLOXACILLIN SODIUM; DICLOXACILLIN SODIUM,O.[Na+].Cc1onc(c1C(=O)N[C@H]1[C@H]2SC(C)(C)[C@@H](N2C1=O)C([O-])=O)-c1c(Cl)cccc1Cl
ESBRIET; PIRFENIDONE,Cc1ccc(=O)n(c1)-c1ccccc1
ADDERALL 10; AMPHETAMINE SULFATE,CC(N)Cc1ccccc1
ACTIVELLA; ESTRADIOL,CC12CCC3C(CCc4cc(O)ccc34)C1CCC2O
RANITIDINE HYDROCHLORIDE; RANITIDINE HYDROCHLORIDE,CCCCCOC(=O)c1c(C)oc2cc(NS(=O)(=O)c3ccc4NC(=O)c5cccc3c45)ccc12
MAZANOR; MAZINDOL,OC1(N2CCN=C2c2ccccc12)c1ccc(Cl)cc1
CALAN SR; VERAPAMIL HYDROCHLORIDE,COc1ccc(CCN(C)CCC[C@](C#N)(C(C)C)c2ccc(OC)c(OC)c2)cc1OC
ALSUMA; SUMATRIPTAN SUCCINATE,CNS(=O)(=O)Cc1ccc2[nH]cc(CCN(C)C)c2c1
PRAVACHOL; PRAVASTATIN SODIUM,CC[C@H](C)C(=O)O[C@H]1C[C@@H](O)C=C2C=C[C@H](C)[C@H](CCC(O)C[C@@H](O)CC([O-])=O)[C@@H]12
LORELCO; PROBUCOL,CC(C)(Sc1cc(c(O)c(c1)C(C)(C)C)C(C)(C)C)Sc1cc(c(O)c(c1)C(C)(C)C)C(C)(C)C
A-POXIDE; CHLORDIAZEPOXIDE HYDROCHLORIDE,CNC1=Nc2ccc(Cl)cc2C(c2ccccc2)=[N+]([O-])C1
BETOPTIC PILO; PILOCARPINE HYDROCHLORIDE,CC[C@H]1[C@@H](Cc2cncn2C)COC1=O
HYCAMTIN; TOPOTECAN HYDROCHLORIDE,CC[C@@]1(O)C(=O)OCc2c1cc1-c3nc4ccc(O)c(CN(C)C)c4cc3Cn1c2=O
ABSTRAL; FENTANYL CITRATE,CCC(=O)N(C1CCN(CCc2ccccc2)CC1)c1ccccc1
ACCOLATE; ZAFIRLUKAST,COc1cc(ccc1Cc1cn(C)c2ccc(NC(=O)OC3CCCC3)cc12)C(=O)NS(=O)(=O)c1ccccc1C
DEPACON; VALPROATE SODIUM,CCCC(CCC)C([O-])=O
ACHES-N-PAIN; IBUPROFEN,CC(C)Cc1ccc(cc1)C(C)C(O)=O
EC-NAPROSYN; NAPROXEN,COc1ccc2cc(ccc2c1)C(C)C(O)=O
HIPREX; METHENAMINE HIPPURATE,OC(=O)CNC(=O)c1ccccc1
BENTYL; DICYCLOMINE HYDROCHLORIDE,CCN(CC)CCOC(=O)C1(CCCCC1)C1CCCCC1
IMIPRAMINE HYDROCHLORIDE; IMIPRAMINE HYDROCHLORIDE,CN(C)CCCN1c2ccccc2CCc2ccccc12
ENALAPRILAT; ENALAPRILAT,CC(NC(CCc1ccccc1)C(O)=O)C(=O)N1CCC[C@H]1C(O)=O
ATNAA; PRALIDOXIME CHLORIDE,C[n+]1ccccc1CN=O
EPROSARTAN MESYLATE; EPROSARTAN MESYLATE,CCCCc1ncc(\C=C(/Cc2cccs2)C(O)=O)n1Cc1ccc(cc1)C(O)=O
VELBAN; VINBLASTINE SULFATE,CC[C@]1(O)C[C@@H]2CN(C1)CCc1c([nH]c3ccccc13)[C@@](C2)(C(=O)OC)c1cc2c(cc1OC)N(C)[C@@H]1[C@]22CCN3CC=C[C@](CC)([C@@H]23)[C@@H](OC(C)=O)[C@]1(O)C(=O)OC
MECLODIUM; MECLOFENAMATE SODIUM,Cc1ccc(Cl)c(Nc2ccccc2C([O-])=O)c1Cl
CLINORIL; SULINDAC,CC1=C(CC(O)=O)c2cc(F)ccc2\C1=C/c1ccc(cc1)S(C)=O
ILEVRO; NEPAFENAC,CC(C)c1cc(Oc2c(Cl)cc(cc2Cl)-n2nc(C#N)c(=O)[nH]c2=O)nn(C)c1=O
GLIPIZIDE AND METFORMIN HYDROCHLORIDE; GLIPIZIDE,Cc1cnc(cn1)C(=O)NCCc1ccc(cc1)S(=O)(=O)NC(=O)NC1CCCCC1
DIABETA; GLYBURIDE,COc1ccc(Cl)cc1C(=O)NCCc1ccc(cc1)S(=O)(=O)NC(=O)NC1CCCCC1
LAMIVUDINE AND STAVUDINE; STAVUDINE,Cc1cn([C@@H]2O[C@H](CO)C=C2)c(=O)[nH]c1=O
OXYTOCIN 10 USP UNITS IN DEXTROSE 5%; OXYTOCIN,CCC(C)[C@@H]1NC(=O)[C@H](Cc2ccc(O)cc2)NC(=O)[C@H](N)CSSCC(NC(=O)[C@H](CC(N)=O)NC(=O)[C@H](CCC(N)=O)NC1=O)C(=O)N1CCCC1C(=O)N[C@@H](CC(C)C)C(=O)NCC(N)=O
METHAZOLAMIDE; METHAZOLAMIDE,CC(=O)\N=c1\sc(nn1C)S(N)(=O)=O
COLBENEMID; COLCHICINE,COc1cc2CC[C@H](NC(C)=O)c3cc(=O)c(OC)ccc3-c2c(OC)c1OC
SCOPOLAMINE; SCOPOLAMINE,CN1C2CC(CC1C1OC21)OC(=O)C(CO)c1ccccc1
BICNU; CARMUSTINE,ClCCNC(=O)N(CCCl)N=O
ALLOPURINOL; ALLOPURINOL,O=c1ncnc2[nH][nH]cc12
ETODOLAC; ETODOLAC,CCc1cccc2c3CCOC(CC)(CC(O)=O)c3[nH]c12
MYLAXEN; HEXAFLUORENIUM BROMIDE,[Br-].[Br-].C[N+](C)(CCCCCC[N+](C)(C)C1c2ccccc2-c2ccccc12)C1c2ccccc2-c2ccccc12
PHOSPHOLINE IODIDE; ECHOTHIOPHATE IODIDE,[I-].CCOP(=O)(OCC)SCC[N+](C)(C)C
RENORMAX; SPIRAPRIL HYDROCHLORIDE,CCOC(=O)[C@H](CCc1ccccc1)N[C@@H](C)C(=O)N1CC2(C[C@H]1C(O)=O)SCCS2
ENALAPRIL MALEATE AND HYDROCHLOROTHIAZIDE; ENALAPRIL MALEATE,CCOC(=O)[C@H](CCc1ccccc1)N[C@@H](C)C(=O)N1CCC[C@H]1C(O)=O
CORTROSYN; COSYNTROPIN,CSCC[C@H](NC(=O)[C@H](CO)NC(=O)[C@H](Cc1ccc(O)cc1)NC(=O)[C@@H](N)CO)C(=O)N[C@@H](CCC(O)=O)C(=O)N[C@@H](Cc1c[nH]cn1)C(=O)N[C@@H](Cc1ccccc1)C(=O)N[C@@H](CCCNC(N)=N)C(=O)N[C@@H](Cc1c[nH]c2ccccc12)C(=O)NCC(=O)N[C@@H](CCCCN)C(=O)N1CCC[C@H]1C(=O)N[C@@H](C(C)C)C(=O)NCC(=O)N[C@@H](CCCCN)C(=O)N[C@@H](CCCCN)C(=O)N[C@@H](CCCNC(N)=N)C(=O)N[C@@H](CCCNC(N)=N)C(=O)N1CCC[C@H]1C(=O)N[C@@H](C(C)C)C(=O)N[C@@H](CCCCN)C(=O)N[C@@H](C(C)C)C(=O)N[C@@H](Cc1ccc(O)cc1)C(=O)N1CCC[C@H]1C(O)=O
SIVEXTRO; TEDIZOLID PHOSPHATE,Cn1nnc(n1)-c1ccc(cn1)-c1ccc(cc1F)N1C[C@H](COP(O)(O)=O)OC1=O
LEVO-DROMORAN; LEVORPHANOL TARTRATE,CN1CC[C@]23CCCC[C@H]2[C@H]1Cc1ccc(O)cc31
PERGOLIDE MESYLATE; PERGOLIDE MESYLATE,CCCN1C[C@H](CSC)C[C@H]2[C@H]1Cc1c[nH]c3cccc2c13
CITANEST FORTE DENTAL; PRILOCAINE HYDROCHLORIDE,Cn1c2cc(nn2c2cc(ccc2c1=O)-c1cccnc1)-c1ccc(Cl)cc1
NAPHAZOLINE HYDROCHLORIDE AND PHENIRAMINE MALEATE; PHENIRAMINE MALEATE,CN(C)CCC(c1ccccc1)c1ccccn1
PLIAGLIS; TETRACAINE,CCCCNc1ccc(cc1)C(=O)OCCN(C)C
ACHROMYCIN; PROCAINE HYDROCHLORIDE,OCCn1c2cc(nn2c2cc(ccc2c1=O)-c1cccnc1)-c1ccccc1
AKTEN; LIDOCAINE HYDROCHLORIDE,CCN(CC)CC(=O)Nc1c(C)cccc1C
BUPIVACAINE HYDROCHLORIDE AND EPINEPHRINE; BUPIVACAINE HYDROCHLORIDE,Cn1c2cc(nn2c2cc(ccc2c1=O)-c1ccc2cn[nH]c2c1)-c1ccccc1
BROMANATE DM; BROMPHENIRAMINE MALEATE,CN(C)CCC(c1ccc(Br)cc1)c1ccccn1
CYCLAINE; HEXYLCAINE HYDROCHLORIDE,Oc1ccc(cc1)-c1cc(=O)c2c(O)cc(cc2o1)N1CCOCC1
ADVIL PM; DIPHENHYDRAMINE CITRATE,CN(C)CCOC(c1ccccc1)c1ccccc1
DIBENZYLINE; PHENOXYBENZAMINE HYDROCHLORIDE,CC(COc1ccccc1)N(CCCl)Cc1ccccc1
HEAVY SOLUTION NUPERCAINE; DIBUCAINE HYDROCHLORIDE,Oc1cc(O)c2c(c1)oc(c(O)c2=O)-c1ccc(O)c(OCc2ccc(F)cc2)c1
RAVOCAINE AND NOVOCAIN W/ LEVOPHED; PROPOXYCAINE HYDROCHLORIDE,Oc1ccc(cc1)[C@@H]1CC(=O)c2c(O)cc(OCc3ccc(F)cc3)cc2O1
MEPERGAN; PROMETHAZINE HYDROCHLORIDE,CC(CN1c2ccccc2Sc2ccccc12)N(C)C
VONTROL; DIPHENIDOL HYDROCHLORIDE,Oc1ccc(cc1O)-c1cc(=O)c2c(O)cc(OCc3ccc(F)cc3)cc2o1
IMODIUM A-D EZ CHEWS; LOPERAMIDE HYDROCHLORIDE,CN(C)C(=O)C(CCN1CCC(O)(CC1)c1ccc(Cl)cc1)(c1ccccc1)c1ccccc1
EPIFOAM; PRAMOXINE HYDROCHLORIDE,FC(F)(F)c1cccc(Nc2ccncc2)c1
TETRABENAZINE; TETRABENAZINE,COc1cc2CCN3CC(CC(C)C)C(=O)CC3c2cc1OC
DROPERIDOL; DROPERIDOL,Fc1ccc(cc1)C(=O)CCCN1CCC(=CC1)n1c2ccccc2[nH]c1=O
DURANEST; ETIDOCAINE HYDROCHLORIDE,CC(=O)Nc1ccc2c(c1)[nH]c1cc(ccc21)C(F)(F)F
ARTICAINE HYDROCHLORIDE AND EPINEPHRINE BITARTRATE; ARTICAINE HYDROCHLORIDE,[O-][N+](=O)c1ccc2[nH]c3cc(ccc3c2c1)C(F)(F)F
BENOXINATE HYDROCHLORIDE; BENOXINATE HYDROCHLORIDE,[O-][N+](=O)c1cccc(Nc2cccc(c2)C(F)(F)F)c1
CAM-AP-ES; RESERPINE,CO[C@H]1[C@@H](C[C@@H]2CN3CCc4c([nH]c5cc(OC)ccc45)[C@H]3C[C@@H]2[C@@H]1C(=O)OC)OC(=O)c1cc(OC)c(OC)c(OC)c1
ALCAINE; PROPARACAINE HYDROCHLORIDE,Nc1ccc(Nc2cccc(c2)C(F)(F)F)cc1
CYPROHEPTADINE HYDROCHLORIDE; CYPROHEPTADINE HYDROCHLORIDE,CN1CCC(CC1)=C1c2ccccc2C=Cc2ccccc12
DROXIA; HYDROXYUREA,NC(=O)NO
AUBAGIO; TERIFLUNOMIDE,C\C(O)=C(/C#N)C(=O)Nc1ccc(cc1)C(F)(F)F
LAMISIL AT; TERBINAFINE,CN(C\C=C\C#CC(C)(C)C)Cc1cccc2ccccc12
TRIDIONE; TRIMETHADIONE,Cc1ccc(cc1)-c1nc2ccccc2c(=O)[nH]1
CLONAZEPAM; CLONAZEPAM,[O-][N+](=O)c1ccc2NC(=O)CN=C(c3ccccc3Cl)c2c1
ACETAMINOPHEN AND CODEINE PHOSPHATE; CODEINE PHOSPHATE,COc1ccc2C[C@@H]3[C@@H]4C=C[C@H](O)[C@@H]5Oc1c2[C@]45CCN3C
PINDOLOL; PINDOLOL,CC(C)NCC(O)COc1cccc2[nH]ccc12
EMADINE; EMEDASTINE DIFUMARATE,CCOCCn1c(nc2ccccc12)N1CCCN(C)CC1
CATAPRES; CLONIDINE HYDROCHLORIDE,Cl.Clc1cccc(Cl)c1NC1=NCCN1
REQUIP; ROPINIROLE HYDROCHLORIDE,CCCN(CCC)CCc1cccc2NC(=O)Cc12
AMITID; AMITRIPTYLINE HYDROCHLORIDE,CN(C)CCC=C1c2ccccc2CCc2ccccc12
THIOLA; TIOPRONIN,CC(S)C(=O)NCC(O)=O
AMLODIPINE BESYLATE AND BENAZEPRIL HYDROCHLORIDE; BENAZEPRIL HYDROCHLORIDE,CCOC(=O)[C@H](CCc1ccccc1)N[C@H]1CCc2ccccc2N(CC(O)=O)C1=O
ACYCLOVIR; ACYCLOVIR,Nc1nc2n(COCCO)cnc2c(=O)[nH]1
APRACLONIDINE HYDROCHLORIDE; APRACLONIDINE HYDROCHLORIDE,Nc1cc(Cl)c(N=C2NCCN2)c(Cl)c1
ALBUTEROL SULFATE AND IPRATROPIUM BROMIDE; IPRATROPIUM BROMIDE,[Br-].CC(C)[N+]1(C)[C@H]2CC[C@@H]1C[C@@H](C2)OC(=O)C(CO)c1ccccc1
ACTRON; KETOPROFEN,CC(C(O)=O)c1cccc(c1)C(=O)c1ccccc1
AZOLID; PHENYLBUTAZONE,CCCCc1c(O)n(-c2ccccc2)n(-c2ccccc2)c1=O
ADDERALL 10; AMPHETAMINE SULFATE,C[C@@H](N)Cc1ccccc1
ADDERALL 10; AMPHETAMINE SULFATE,C[C@H](N)Cc1ccccc1
FLOROPRYL; ISOFLUROPHATE,CC(C)OP(F)(=O)OC(C)C
BLOXIVERZ; NEOSTIGMINE METHYLSULFATE,CN(C)C(=O)Oc1cccc(c1)[N+](C)(C)C
ATOMOXETINE; ATOMOXETINE,CNCCC(Oc1ccccc1C)c1ccccc1
BICILLIN C-R 900/300; PENICILLIN G BENZATHINE,CC1(C)S[C@@H]2[C@H](NC(=O)Cc3ccccc3)C(=O)N2[C@H]1C(O)=O
CYCLOSPORINE; CYCLOSPORINE,CC[C@@H]1NC(=O)[C@H]([C@H](O)[C@H](C)C\C=C\C)N(C)C(=O)[C@H](C(C)C)N(C)C(=O)[C@H](CC(C)C)N(C)C(=O)[C@H](CC(C)C)N(C)C(=O)[C@@H](C)NC(=O)[C@H](C)NC(=O)[C@H](CC(C)C)N(C)C(=O)[C@@H](NC(=O)[C@H](CC(C)C)N(C)C(=O)CN(C)C1=O)C(C)C
FUZEON; ENFUVIRTIDE,CC[C@H](C)[C@H](NC(=O)[C@H](CC(C)C)NC(=O)[C@H](CO)NC(=O)[C@H](Cc1cnc[nH]1)NC(=O)[C@@H](NC(=O)[C@H](CC(C)C)NC(=O)[C@H](CO)NC(=O)[C@@H](NC(=O)[C@H](Cc1ccc(O)cc1)NC(C)=O)[C@@H](C)O)[C@@H](C)CC)C(=O)N[C@@H](CCC(O)=O)C(=O)N[C@@H](CCC(O)=O)C(=O)N[C@@H](CO)C(=O)N[C@@H](CCC(N)=O)C(=O)N[C@@H](CC(N)=O)C(=O)N[C@@H](CCC(N)=O)C(=O)N[C@@H](CCC(N)=O)C(=O)N[C@@H](CCC(O)=O)C(=O)N[C@@H](CCCCN)C(=O)N[C@@H](CC(N)=O)C(=O)N[C@@H](CCC(O)=O)C(=O)N[C@@H](CCC(N)=O)C(=O)N[C@@H](CCC(O)=O)C(=O)N[C@@H](CC(C)C)C(=O)N[C@@H](CC(C)C)C(=O)N[C@@H](CCC(O)=O)C(=O)N[C@@H](CC(C)C)C(=O)N[C@@H](CC(O)=O)C(=O)N[C@@H](CCCCN)C(=O)N[C@@H](Cc1c[nH]c2ccccc12)C(=O)N[C@@H](C)C(=O)N[C@@H](CO)C(=O)N[C@@H](CC(C)C)C(=O)N[C@@H](Cc1c[nH]c2ccccc12)C(=O)N[C@@H](CC(N)=O)C(=O)N[C@@H](Cc1c[nH]c2ccccc12)C(=O)N[C@@H](Cc1ccccc1)C(N)=O
PEPTAVLON; PENTAGASTRIN,CSCC[C@H](NC(=O)[C@H](Cc1c[nH]c2ccccc12)NC(=O)CCNC(=O)OC(C)(C)C)C(=O)N[C@@H](CC(O)=O)C(=O)N[C@@H](Cc1ccccc1)C(N)=O
MONUROL; FOSFOMYCIN TROMETHAMINE,C[C@@H]1O[C@@H]1P(O)(O)=O
ANDRODERM; TESTOSTERONE,CC12CCC3C(CCC4=CC(=O)CCC34C)C1CCC2O
ALKERAN; MELPHALAN,N[C@@H](Cc1ccc(cc1)N(CCCl)CCCl)C(O)=O
CHOLEDYL; OXTRIPHYLLINE,C[N+](C)(C)CCO
DIMETHYL SULFOXIDE; DIMETHYL SULFOXIDE,CS(C)=O
BUTRANS; BUPRENORPHINE,CO[C@]12CC[C@@]3(C[C@@H]1[C@](C)(O)C(C)(C)C)[C@H]1Cc4ccc(O)c5O[C@@H]2[C@]3(CCN1CC1CC1)c45
ANTURANE; SULFINPYRAZONE,Oc1c(CCS(=O)c2ccccc2)c(=O)n(-c2ccccc2)n1-c1ccccc1
ATROPINE AND DEMEROL; MEPERIDINE HYDROCHLORIDE,CCOC(=O)C1(CCN(C)CC1)c1ccccc1
BETAXOLOL HYDROCHLORIDE; BETAXOLOL HYDROCHLORIDE,COc1ccc(-c2ocnc2C(=O)NCc2ccncc2)c(C)c1
PRISCOLINE; TOLAZOLINE HYDROCHLORIDE,CN1[C@@H](CCNC(=O)c2cccs2)CN=C(c2ccccc2)c2cc(Cl)ccc12
CAFERGOT; ERGOTAMINE TARTRATE,CN1C[C@@H](C=C2[C@H]1Cc1c[nH]c3cccc2c13)C(=O)N[C@]1(C)O[C@@]2(O)[C@@H]3CCCN3C(=O)[C@H](Cc3ccccc3)N2C1=O
FOSCARNET SODIUM; FOSCARNET SODIUM,[O-]C(=O)P([O-])([O-])=O
ALIMTA; PEMETREXED,Nc1nc(=O)c2c(CCc3ccc(cc3)C(=O)N[C@@H](CCC(O)=O)C(O)=O)c[nH]c2[nH]1
GYNE-SULF; SULFATHIAZOLE,Nc1ccc(cc1)S(=O)(=O)Nc1nccs1
ORINASE; TOLBUTAMIDE,CCCCNC(=O)NS(=O)(=O)c1ccc(C)cc1
BROMDAY; BROMFENAC SODIUM,N[C@@H](CO)COc1cc(Cl)c(cc1F)-c1noc(n1)N1CCN(CC1)C(=O)C1CCCC1
ZONEGRAN; ZONISAMIDE,OS(=N)(=O)Cc1noc2ccccc12
FLUVOXAMINE MALEATE; FLUVOXAMINE MALEATE,COCCCC\C(=N/OCCN)c1ccc(cc1)C(F)(F)F
SERTRALINE HYDROCHLORIDE; SERTRALINE HYDROCHLORIDE,CN[C@H]1CC[C@@H](c2ccc(Cl)c(Cl)c2)c2ccccc12
CISPLATIN; CISPLATIN,N[Pt](N)(Cl)Cl
BUTRANS; BUPRENORPHINE,CO[C@@]12CC[C@@]3(C[C@@H]1[C@@](C)(O)C(C)(C)C)[C@H]1Cc4ccc(O)c5O[C@@H]2[C@]3(CCN1CC1CC1)c45
METOPIRONE; METYRAPONE,CC(C)(C(=O)c1cccnc1)c1cccnc1
ORNIDYL; EFLORNITHINE HYDROCHLORIDE,NCCCC(N)(C(F)F)C(O)=O
DISOPYRAMIDE PHOSPHATE; DISOPYRAMIDE PHOSPHATE,CC(C)N(CCC(C(N)=O)(c1ccccc1)c1ccccn1)C(C)C
ARESTOCAINE HYDROCHLORIDE W/ LEVONORDEFRIN; LEVONORDEFRIN,COc1ccc(OC[C@]2(C[C@H]2C(=O)Nc2ccccn2)c2ccccc2)cc1OC
ADRENACLICK; EPINEPHRINE,CNC[C@H](O)c1ccc(O)c(O)c1
LEVOPHED; NOREPINEPHRINE BITARTRATE,NC[C@H](O)c1ccc(O)c(O)c1
ACZONE; DAPSONE,Nc1ccc(cc1)S(=O)(=O)c1ccc(N)cc1
AZO GANTANOL; SULFAMETHOXAZOLE,Cc1cc(NS(=O)(=O)c2ccc(N)cc2)no1
ASTAGRAF XL; TACROLIMUS,CO[C@@H]1C[C@@H](CC[C@H]1O)\C=C(/C)[C@H]1OC(=O)[C@@H]2CCCCN2C(=O)C(=O)[C@]2(O)O[C@@H]([C@H](C[C@H]2C)OC)[C@H](C[C@@H](C)C\C(C)=C\[C@@H](CC=C)C(=O)C[C@H](O)[C@H]1C)OC
FOSAMAX PLUS D; CHOLECALCIFEROL,CC(C)CCC[C@@H](C)[C@H]1CC[C@H]2\C(CCC[C@]12C)=C\C=C1\C[C@@H](O)CCC1=C
HIWOLFIA; RAUWOLFIA SERPENTINA ROOT,COC(=O)C1=CO[C@@H](C)[C@H]2CN3CCc4c([nH]c5ccccc45)[C@@H]3C[C@H]12
ARESTOCAINE HYDROCHLORIDE W/ LEVONORDEFRIN; LEVONORDEFRIN,Cc1cc(=O)oc2cc(NC(=O)NS(=O)(=O)c3ccccc3)ccc12
LAMICTAL CD; LAMOTRIGINE,Nc1nnc(c(N)n1)-c1cccc(Cl)c1Cl
ABSORICA; ISOTRETINOIN,C\C(\C=C\C1=C(C)CCCC1(C)C)=C/C=C/C(/C)=C\C(O)=O
TIKOSYN; DOFETILIDE,CN(CCOc1ccc(NS(C)(=O)=O)cc1)CCc1ccc(NS(C)(=O)=O)cc1
FETZIMA; LEVOMILNACIPRAN HYDROCHLORIDE,CCN(CC)C(=O)[C@]1(C[C@H]1CN)c1ccccc1
BEXAROTENE; BEXAROTENE,Cc1cc2c(cc1C(=C)c1ccc(cc1)C(O)=O)C(C)(C)CCC2(C)C
KALYDECO; IVACAFTOR,CC(C)(C)c1cc(c(NC(=O)c2c[nH]c3ccccc3c2=O)cc1O)C(C)(C)C
BACLOFEN; BACLOFEN,NC[C@@H](CC(O)=O)c1ccc(Cl)cc1
BACLOFEN; BACLOFEN,NC[C@H](CC(O)=O)c1ccc(Cl)cc1
ALFUZOSIN HYDROCHLORIDE; ALFUZOSIN HYDROCHLORIDE,COc1cc2nc(nc(N)c2cc1OC)N(C)CCCNC(=O)C1CCCO1
HYTRIN; TERAZOSIN HYDROCHLORIDE,COc1cc2nc(nc(N)c2cc1OC)N1CCN(CC1)C(=O)C1CCCO1
AMANTADINE HYDROCHLORIDE; AMANTADINE HYDROCHLORIDE,NC12CC3CC(CC(C3)C1)C2
ZOLMITRIPTAN; ZOLMITRIPTAN,CN(C)CCc1c[nH]c2ccc(C[C@H]3COC(=O)N3)cc12
MAXALT-MLT; RIZATRIPTAN BENZOATE,CN(C)CCc1c[nH]c2ccc(Cn3cncn3)cc12
FANAPT; ILOPERIDONE,COc1cc(ccc1OCCCN1CCC(CC1)c1noc2cc(F)ccc12)C(C)=O
IMPAVIDO; MILTEFOSINE,CCCCCCCCCCCCCCCCOP([O-])(=O)OCC[N+](C)(C)C
AZO GANTRISIN; SULFISOXAZOLE,Cc1noc(NS(=O)(=O)c2ccc(N)cc2)c1C
TEMODAR; TEMOZOLOMIDE,Cn1nnc2c(ncn2c1=O)C(N)=O
CONDYLOX; PODOFILOX,COc1cc(cc(OC)c1OC)[C@H]1[C@@H]2[C@H](COC2=O)[C@@H](O)c2cc3OCOc3cc12
PROSTIN F2 ALPHA; DINOPROST TROMETHAMINE,CCCCC[C@H](O)\C=C\[C@H]1[C@H](O)C[C@H](O)[C@@H]1C\C=C/CCCC(O)=O
MOZOBIL; PLERIXAFOR,C(N1CCCNCCNCCCNCC1)c1ccc(CN2CCCNCCNCCCNCC2)cc1
STENDRA; AVANAFIL,COc1ccc(CNc2nc(ncc2C(=O)NCc2ncccn2)N2CCC[C@H]2CO)cc1Cl
"CALCIUM CARBONATE, FAMOTIDINE AND MAGNESIUM HYDROXIDE; FAMOTIDINE",NC(N)=Nc1nc(CSCCC(=N)NS(N)(=O)=O)cs1
ARICEPT; DONEPEZIL HYDROCHLORIDE,COc1cc2C[C@H](CC3CCN(Cc4ccccc4)CC3)C(=O)c2cc1OC
ARICEPT; DONEPEZIL HYDROCHLORIDE,COc1cc2C[C@@H](CC3CCN(Cc4ccccc4)CC3)C(=O)c2cc1OC
CARNITOR; LEVOCARNITINE,C[N+](C)(C)C[C@H](O)CC([O-])=O
ACOVA; ARGATROBAN,C[C@@H]1CCN([C@H](C1)C(O)=O)C(=O)[C@H](CCCNC(N)=N)NS(=O)(=O)c1cccc2CC(C)CNc12
SEROMYCIN; CYCLOSERINE,N[C@@H]1CON=C1O
ABACAVIR AND LAMIVUDINE; LAMIVUDINE,Nc1ccn(C2CSC(CO)O2)c(=O)n1
GABITRIL; TIAGABINE HYDROCHLORIDE,Cc1ccsc1C(=CCCN1CCC[C@H](C1)C(O)=O)c1sccc1C
CARTEOLOL HYDROCHLORIDE; CARTEOLOL HYDROCHLORIDE,CC(C)(C)NCC(O)COc1cccc2NC(=O)CCc12
8-MOP; METHOXSALEN,COc1c2occc2cc2ccc(=O)oc12
CAMOQUIN HYDROCHLORIDE; AMODIAQUINE HYDROCHLORIDE,CCN(CC)Cc1cc(Nc2ccnc3cc(Cl)ccc23)ccc1O
AVALIDE; IRBESARTAN,CCCCC1=NC2(CCCC2)C(=O)N1Cc1ccc(cc1)-c1ccccc1-c1nnn[nH]1
MICARDIS HCT; TELMISARTAN,CCCc1nc2c(C)cc(cc2n1Cc1ccc(cc1)-c1ccccc1C(O)=O)-c1nc2ccccc2n1C
KETALAR; KETAMINE HYDROCHLORIDE,CNC1(CCCCC1=O)c1ccccc1Cl
VASOSTRICT; VASOPRESSIN,N[C@H]1CSSC[C@H](NC(=O)[C@H](CC(N)=O)NC(=O)[C@H](CCC(N)=O)NC(=O)[C@H](Cc2ccccc2)NC(=O)[C@H](Cc2ccc(O)cc2)NC1=O)C(=O)N1CCC[C@H]1C(=O)N[C@@H](CCCNC(N)=N)C(=O)NCC(N)=O
CHIBROXIN; NORFLOXACIN,CCn1cc(C(O)=O)c(=O)c2cc(F)c(cc12)N1CCNCC1
FLOXIN IN DEXTROSE 5% IN PLASTIC CONTAINER; OFLOXACIN,CC1COc2c(N3CCN(C)CC3)c(F)cc3c2n1cc(C(O)=O)c3=O
REVEX; NALMEFENE HYDROCHLORIDE,Oc1ccc2C[C@H]3N(CC4CC4)CC[C@@]45[C@@H](Oc1c24)C(=C)CC[C@@]35O
ADAPALENE; ADAPALENE,COc1ccc(cc1C12CC3CC(CC(C3)C1)C2)-c1ccc2cc(ccc2c1)C(O)=O
APLENZIN; BUPROPION HYDROBROMIDE,CC(NC(C)(C)C)C(=O)c1cccc(Cl)c1
GEODON; ZIPRASIDONE HYDROCHLORIDE,Clc1cc2NC(=O)Cc2cc1CCN1CCN(CC1)c1nsc2ccccc12
GEODON; ZIPRASIDONE HYDROCHLORIDE,CC(C)c1cc(C(C)C)c(OCCCF)c(c1)-c1occc1\C=C\C(\C)=C\C(O)=O
AMLODIPINE BESYLATE AND VALSARTAN; VALSARTAN,CCCCC(=O)N(Cc1ccc(cc1)-c1ccccc1-c1nnn[nH]1)[C@@H](C(C)C)C(O)=O
ACTOPLUS MET; PIOGLITAZONE HYDROCHLORIDE,CCc1ccc(CCOc2ccc(Cc3sc(=O)[nH]c3O)cc2)nc1
IMIPENEM AND CILASTATIN; IMIPENEM,C[C@@H](O)[C@@H]1[C@H]2CC(SCCN=CN)=C(N2C1=O)C(O)=O
LEVOPHED; NOREPINEPHRINE BITARTRATE,CC[C@H](C)[C@H](N)C(=O)N[C@@H](CC(C)C)C(=O)N1CCC[C@H]1C(O)=O
ADRENACLICK; EPINEPHRINE,NCCCC[C@H](NC(=O)CN)C(=O)N1CCC[C@H]1C(O)=O
CORLOPAM; FENOLDOPAM MESYLATE,Oc1ccc(cc1)[C@@H]1C[NH2+]CCc2c(Cl)c(O)c(O)cc12
CORLOPAM; FENOLDOPAM MESYLATE,CC(C)[C@H](N)C(=O)N[C@@H](CCCNC(N)=N)C(=O)N1CCC[C@H]1C(O)=O
DAYTRANA; METHYLPHENIDATE,COC(=O)[C@H]([C@@H]1CCCCN1)c1ccccc1
HALDOL; HALOPERIDOL DECANOATE,CCCCCCCCCC(=O)OC1(CCN(CCCC(=O)c2ccc(F)cc2)CC1)c1ccc(Cl)cc1
ARAVA; LEFLUNOMIDE,Cc1oncc1C(=O)Nc1ccc(cc1)C(F)(F)F
EDROPHONIUM CHLORIDE; EDROPHONIUM CHLORIDE,Clc1cccc(Cl)c1-c1nc2ccc(Nc3ccnc4ccccc34)cc2[nH]1
NEMBUTAL; PENTOBARBITAL,CCCC(C)C1(CC)C(=O)NC(=O)NC1=O
QUARZAN; CLIDINIUM BROMIDE,Cc1nn(c2CCCC(=O)c12)-c1ccc(Cl)cc1Cl
MELOXICAM; MELOXICAM,CN1C(C(=O)Nc2ncc(C)s2)=C(O)c2ccccc2S1(=O)=O
DIPRIVAN; PROPOFOL,CC(C)c1cccc(C(C)C)c1O
ANTABUSE; DISULFIRAM,CCN(CC)C(=S)SSC(=S)N(CC)CC
SYNCURINE; DECAMETHONIUM BROMIDE,C[N+](C)(C)CCCCCCCCCC[N+](C)(C)C
DUTASTERIDE AND TAMSULOSIN HYDROCHLORIDE; TAMSULOSIN HYDROCHLORIDE,CCOc1ccccc1OCCN[C@H](C)Cc1ccc(OC)c(c1)S(N)(=O)=O
TRACLEER; BOSENTAN,COc1ccccc1Oc1c(NS(=O)(=O)c2ccc(cc2)C(C)(C)C)nc(nc1OCCO)-c1ncccn1
INVERSINE; MECAMYLAMINE HYDROCHLORIDE,CNC1(C)C2CCC(C2)C1(C)C
ANECTINE; SUCCINYLCHOLINE CHLORIDE,C[N+](C)(C)CCOC(=O)CCC(=O)OCC[N+](C)(C)C
TEMARIL; TRIMEPRAZINE TARTRATE,CC(CN(C)C)CN1c2ccccc2Sc2ccccc12
KEMADRIN; PROCYCLIDINE HYDROCHLORIDE,OC(CCN1CCCC1)(C1CCCCC1)c1ccccc1
MEMANTINE; MEMANTINE,CC12CC3CC(C)(C1)CC(N)(C3)C2
DISIPAL; ORPHENADRINE HYDROCHLORIDE,CN(C)CCOC(c1ccccc1)c1ccccc1C
DAYTRANA; METHYLPHENIDATE,COC(=O)C(C1CCCCN1)c1ccccc1
CONCERTA; METHYLPHENIDATE HYDROCHLORIDE,COC(=O)[C@@H]([C@H]1CCCCN1)c1ccccc1
SPIRIVA RESPIMAT; TIOTROPIUM BROMIDE,O.[Br-].C[N+]1(C)[C@H]2C[C@@H](C[C@@H]1[C@H]1O[C@@H]21)OC(=O)C(O)(c1cccs1)c1cccs1
PROPAFENONE HYDROCHLORIDE; PROPAFENONE HYDROCHLORIDE,CCCNCC(O)COc1ccccc1C(=O)CCc1ccccc1
AMEN; MEDROXYPROGESTERONE ACETATE,C[C@H]1C[C@H]2[C@@H]3CC[C@](OC(C)=O)(C(C)=O)[C@@]3(C)CC[C@@H]2[C@@]2(C)CCC(=O)C=C12
PERGOLIDE MESYLATE; PERGOLIDE MESYLATE,CC(CCO)N(C)C(=O)CCCN1c2ccccc2N(Cc2ccc(cc2)C(O)(C(F)(F)F)C(F)(F)F)S1(=O)=O
RAPAMUNE; SIROLIMUS,CO[C@@H]1C[C@H](CC(C)[C@@H]2CC(=O)[C@H](C)\C=C(C)\[C@H](O)[C@@H](OC)C(=O)[C@H](C)C[C@H](C)\C=C\C=C\C=C(C)\[C@H](C[C@H]3O[C@](O)([C@H](C)C[C@@H]3OC)C(=O)C(=O)N3CCCC[C@H]3C(=O)O2)OC)CC[C@H]1O
NEFAZODONE HYDROCHLORIDE; NEFAZODONE HYDROCHLORIDE,CCc1nn(CCCN2CCN(CC2)c2cccc(Cl)c2)c(=O)n1CCOc1ccccc1
BORTEZOMIB; BORTEZOMIB,CC(C)C[C@H](NC(=O)[C@H](Cc1ccccc1)NC(=O)c1cnccn1)B(O)O
THALOMID; THALIDOMIDE,O=C1N(C2CCC(=O)NC2=O)C(=O)c2ccccc12
"LANSOPRAZOLE, AMOXICILLIN AND CLARITHROMYCIN; LANSOPRAZOLE",Cc1c(OCC(F)(F)F)ccnc1C[S+]([O-])c1nc2ccccc2[nH]1
CILOSTAZOL; CILOSTAZOL,Cc1ccc2C(=O)N(Cc3ccc(F)cc3)C(=O)c2c1
THYPINONE; PROTIRELIN,NC(=O)[C@@H]1CCCN1C(=O)[C@H](Cc1cnc[nH]1)NC(=O)[C@@H]1CCC(=O)N1
PINDOLOL; PINDOLOL,CC(C)NC[C@H](O)COc1cccc2[nH]ccc12
CLARINEX-D 12 HOUR; DESLORATADINE,Clc1ccc2c(CCc3cccnc3C2=C2CCNCC2)c1
DESYREL; TRAZODONE HYDROCHLORIDE,Clc1cccc(c1)N1CCN(CCCn2nc3ccccn3c2=O)CC1
AMERGE; NARATRIPTAN HYDROCHLORIDE,CNS(=O)(=O)CCc1ccc2[nH]cc(C3CCN(C)CC3)c2c1
FROVA; FROVATRIPTAN SUCCINATE,CN[C@@H]1CCc2[nH]c3ccc(cc3c2C1)C(N)=O
ANSAID; FLURBIPROFEN,CC(C(O)=O)c1ccc(c(F)c1)-c1ccccc1
ALINIA; NITAZOXANIDE,CC(=O)Oc1ccccc1C(=O)Nc1ncc(s1)[N+]([O-])=O
DANTRIUM; DANTROLENE SODIUM,Clc1ccc2c(c[nH]c2c1)C(=O)N1CCC2(CC1)OCc1cccnc21
AMINOSYN 3.5% M IN PLASTIC CONTAINER; PHOSPHORIC ACID,Fc1ccc(Nc2ncnc3sc(Br)cc23)cc1Cl
GABAPENTIN; GABAPENTIN,NCC1(CC(O)=O)CCCCC1
MOEXIPRIL HYDROCHLORIDE AND HYDROCHLOROTHIAZIDE; MOEXIPRIL HYDROCHLORIDE,CCOC(=O)[C@H](CCc1ccccc1)N[C@@H](C)C(=O)N1Cc2cc(OC)c(OC)cc2C[C@H]1C(O)=O
ALTACE; RAMIPRIL,CCOC(=O)[C@H](CCc1ccccc1)N[C@@H](C)C(=O)N1[C@H]2CCC[C@H]2C[C@H]1C(O)=O
ABSTRAL; FENTANYL CITRATE,Fc1ccc(\C=N\N2CCN(CC2)c2ccccc2)cc1F
ANTARA (MICRONIZED); FENOFIBRATE,CC(C)OC(=O)C(C)(C)Oc1ccc(cc1)C(=O)c1ccc(Cl)cc1
PRELAY; TROGLITAZONE,Cc1c(C)c2OC(C)(COc3ccc(Cc4sc(=O)[nH]c4O)cc3)CCc2c(C)c1O
ATROMID-S; CLOFIBRATE,CCOC(=O)C(C)(C)Oc1ccc(Cl)cc1
DEXMEDETOMIDINE HYDROCHLORIDE; DEXMEDETOMIDINE HYDROCHLORIDE,C[C@H](c1cnc[nH]1)c1cccc(C)c1C
CYTARABINE; CYTARABINE,Nc1ccn([C@@H]2O[C@H](CO)[C@@H](O)[C@@H]2O)c(=O)n1
ACTRON; KETOPROFEN,C[C@H](C(O)=O)c1cccc(c1)C(=O)c1ccccc1
ORFADIN; NITISINONE,[O-][N+](=O)c1cc(ccc1C(=O)C1C(=O)CCCC1=O)C(F)(F)F
BEROCCA PN; ASCORBIC ACID,OC[C@H](O)c1oc(O)c(O)c1O
PROFENAL; SUPROFEN,CC(C(O)=O)c1ccc(cc1)C(=O)c1cccs1
SULFABID; SULFAPHENAZOLE,Nc1ccc(cc1)S(=O)(=O)Nc1ccnn1-c1ccccc1
EPTIFIBATIDE; EPTIFIBATIDE,NC(=N)NCCCC[C@@H]1NC(=O)CCSSC[C@H](NC(=O)[C@@H]2CCCN2C(=O)[C@H](Cc2c[nH]c3ccccc23)NC(=O)[C@H](CC(O)=O)NC(=O)CNC1=O)C(N)=O
TONOCARD; TOCAINIDE HYDROCHLORIDE,CCCN(CCC)S(=O)(=O)c1ccc(cc1)C(=O)Nc1ccccc1Cl
METOCURINE IODIDE; METOCURINE IODIDE,COC(=O)CCCCCCC(=O)Nc1ccc(OS(=O)(=O)C2CC3OC2C(=C3c2ccc(O)cc2)c2ccc(O)cc2)cc1
QUETIAPINE FUMARATE; QUETIAPINE FUMARATE,OCCOCCN1CCN(CC1)C1=Nc2ccccc2Sc2ccccc12
QUETIAPINE FUMARATE; QUETIAPINE FUMARATE,C[C@@H](c1ccccc1)n1cncc1C(=O)OCCC1(C)N=N1
AZULFIDINE EN-TABS; SULFASALAZINE,OC(=O)c1cc(ccc1O)N=Nc1ccc(cc1)S(=O)(=O)Nc1ccccn1
RIMADYL; CARPROFEN,CC(C(O)=O)c1ccc2c(c1)[nH]c1ccc(Cl)cc21
JUXTAPID; LOMITAPIDE MESYLATE,FC(F)(F)CNC(=O)C1(CCCCN2CCC(CC2)NC(=O)c2ccccc2-c2ccc(cc2)C(F)(F)F)c2ccccc2-c2ccccc12
DUAVEE; BAZEDOXIFENE ACETATE,Cc1c(-c2ccc(O)cc2)n(Cc2ccc(OCCN3CCCCCC3)cc2)c2ccc(O)cc12
LITHOSTAT; ACETOHYDROXAMIC ACID,CC(=O)NO
ALPROSTADIL; ALPROSTADIL,CCCCC[C@H](O)\C=C\[C@H]1[C@H](O)CC(=O)[C@@H]1CCCCCCC(O)=O
PLENAXIS; ABARELIX,CC(C)C[C@H](NC(=O)[C@@H](CC(N)=O)NC(=O)[C@H](Cc1ccc(O)cc1)N(C)C(=O)[C@H](CO)NC(=O)[C@@H](Cc1cccnc1)NC(=O)[C@@H](Cc1ccc(Cl)cc1)NC(=O)[C@@H](Cc1ccc2ccccc2c1)NC(C)=O)C(=O)N[C@@H](CCCCNC(C)C)C(=O)N1CCC[C@H]1C(=O)N[C@H](C)C(N)=O
GANIRELIX ACETATE; GANIRELIX ACETATE,CCNC(NCCCC[C@@H](NC(=O)[C@H](Cc1ccc(O)cc1)NC(=O)[C@H](CO)NC(=O)[C@@H](Cc1cccnc1)NC(=O)[C@@H](Cc1ccc(Cl)cc1)NC(=O)[C@@H](Cc1ccc2ccccc2c1)NC(C)=O)C(=O)N[C@@H](CC(C)C)C(=O)N[C@@H](CCCCNC(NCC)=NCC)C(=O)N1CCC[C@H]1C(=O)N[C@H](C)C(N)=O)=NCC
INTELENCE; ETRAVIRINE,Cc1cc(cc(C)c1Oc1nc(Nc2ccc(cc2)C#N)nc(N)c1Br)C#N
NALBUPHINE HYDROCHLORIDE; NALBUPHINE HYDROCHLORIDE,O[C@H]1CC[C@@]2(O)[C@H]3Cc4ccc(O)c5O[C@@H]1[C@]2(CCN3CC1CCC1)c45
NARDIL; PHENELZINE SULFATE,NNCCc1ccccc1
BIAXIN; CLARITHROMYCIN,CC[C@H]1OC(=O)[C@H](C)[C@@H](OC2CC(C)(OC)C(O)C(C)O2)[C@H](C)[C@@H](OC2OC(C)CC(C2O)N(C)C)[C@@](C)(C[C@@H](C)C(=O)[C@H](C)[C@@H](O)[C@]1(C)O)OC
TASMAR; TOLCAPONE,Cc1ccc(cc1)C(=O)c1cc(O)c(O)c(c1)[N+]([O-])=O
"CARBIDOPA, LEVODOPA AND ENTACAPONE; ENTACAPONE",CCN(CC)C(=O)C(=C\c1cc(O)c(O)c(c1)[N+]([O-])=O)\C#N
CYSTEINE HYDROCHLORIDE; CYSTEINE HYDROCHLORIDE,N[C@@H](CS)C(O)=O
DARIFENACIN HYDROBROMIDE; DARIFENACIN HYDROBROMIDE,NC(=O)C([C@@H]1CCN(CCc2ccc3OCCc3c2)C1)(c1ccccc1)c1ccccc1
COARTEM; LUMEFANTRINE,CCCCN(CCCC)CC(O)c1cc(Cl)cc2\C(=C\c3ccc(Cl)cc3)c3cc(Cl)ccc3-c12
GEMFIBROZIL; GEMFIBROZIL,Cc1ccc(C)c(OCCCC(C)(C)C(O)=O)c1
LEVITRA; VARDENAFIL HYDROCHLORIDE,CCCc1nc(C)c2n1nc([nH]c2=O)-c1cc(ccc1OCC)S(=O)(=O)N1CC[NH+](CC)CC1
FLUOTHANE; HALOTHANE,FC(F)(F)C(Cl)Br
CINTICHEM TECHNETIUM 99M HEDSPA; TECHNETIUM TC-99M ETIDRONATE KIT,CC(O)(P(O)(O)=O)P(O)(O)=O
MIRTAZAPINE; MIRTAZAPINE,CN1CCN2C(C1)c1ccccc1Cc1cccnc21
LINEZOLID IN SODIUM CHLORIDE 0.9% IN PLASTIC CONTAINER; LINEZOLID,CC(=O)NC[C@H]1CN(C(=O)O1)c1ccc(N2CCOCC2)c(F)c1
MIRAPEX ER; PRAMIPEXOLE DIHYDROCHLORIDE,CCCN[C@H]1CCc2nc(N)sc2C1
MEXILETINE HYDROCHLORIDE; MEXILETINE HYDROCHLORIDE,CC(N)COc1c(C)cccc1C
GATIFLOXACIN; GATIFLOXACIN,COc1c(N2CCNC(C)C2)c(F)cc2c1n(cc(C(O)=O)c2=O)C1CC1
RAXAR; GREPAFLOXACIN HYDROCHLORIDE,CC1CN(CCN1)c1cc2n(cc(C(O)=O)c(=O)c2c(C)c1F)C1CC1
KENGREAL; CANGRELOR,CSCCNc1nc(SCCC(F)(F)F)nc2n(cnc12)[C@@H]1O[C@H](COP(O)(=O)OP(O)(=O)C(Cl)(Cl)P(O)(O)=O)[C@@H](O)[C@H]1O
RAMELTEON; RAMELTEON,CCC(=O)NCC[C@@H]1CCc2ccc3OCCc3c12
SABRIL; VIGABATRIN,NC(CCC(O)=O)C=C
LEXISCAN; REGADENOSON,CNC(=O)c1cnn(c1)-c1nc(N)c2ncn([C@@H]3O[C@H](CO)[C@@H](O)[C@H]3O)c2n1
MINTEZOL; THIABENDAZOLE,c1nc(cs1)-c1nc2ccccc2[nH]1
CIN-QUIN; QUINIDINE SULFATE,COc1ccc2nccc([C@H](O)[C@H]3C[C@@H]4CCN3C[C@@H]4C=C)c2c1
NEUPRO; ROTIGOTINE,CCCN(CCc1cccs1)[C@H]1CCc2c(O)cccc2C1
AMIDATE; ETOMIDATE,Ic1cncc(OCC2CCN2)c1
AMIDATE; ETOMIDATE,Clc1ncc(OCC2CCCN2)cc1\C=C\c1ccncc1
ALENDRONATE SODIUM; ALENDRONATE SODIUM,Cc1ncn(n1)-c1cc(Cl)c(C(=O)NC[C@@H](c2cccc(F)c2)c2ccc3[nH]c(C)nc3c2)c(Cl)c1
ITRACONAZOLE; ITRACONAZOLE,CCC(C)n1ncn(-c2ccc(cc2)N2CCN(CC2)c2ccc(OC[C@H]3CO[C@@](Cn4cncn4)(O3)c3ccc(Cl)cc3Cl)cc2)c1=O
SKLICE; IVERMECTIN,Cc1ccc(Cn2nnc3c2C(=O)c2ccccc2C3=O)cc1
ETOPOSIDE; ETOPOSIDE,COc1cc(cc(OC)c1O)[C@H]1[C@@H]2[C@H](COC2=O)[C@H](O[C@@H]2O[C@@H]3CO[C@@H](C)O[C@H]3[C@H](O)[C@H]2O)c2cc3OCOc3cc12
AKNE-MYCIN; ERYTHROMYCIN,CC[C@H]1OC(=O)[C@H](C)[C@@H](O[C@H]2C[C@@](C)(OC)[C@@H](O)[C@H](C)O2)[C@H](C)[C@@H](O[C@H]2O[C@@H](C)C[C@H]([C@@H]2O)N(C)C)[C@](C)(O)C[C@@H](C)C(=O)[C@H](C)[C@@H](O)[C@]1(C)O
CAMPTOSAR; IRINOTECAN HYDROCHLORIDE,CCc1c2Cn3c(cc4c(COC(=O)[C@]4(O)CC)c3=O)-c2nc2ccc(OC(=O)N3CCC(CC3)N3CCCCC3)cc12
TARACTAN; CHLORPROTHIXENE,CN(C)CC\C=C1/c2ccccc2Sc2ccc(Cl)cc12
ETRAFON 2-10; PERPHENAZINE,OCCN1CCN(CCCN2c3ccccc3Sc3ccc(Cl)cc23)CC1
MOBAN; MOLINDONE HYDROCHLORIDE,CCc1c(C)[nH]c2CCC(CN3CCOCC3)C(=O)c12
ABILIFY; ARIPIPRAZOLE,Clc1cccc(N2CCN(CCCCOc3ccc4CCC(=O)Nc4c3)CC2)c1Cl
STAPHCILLIN; METHICILLIN SODIUM,COc1cccc(OC)c1C(=O)N[C@H]1[C@H]2SC(C)(C)[C@@H](N2C1=O)C([O-])=O
VELBAN; VINBLASTINE SULFATE,CC[C@]1(O)CC2C[N@@](C1)CCc1c([nH]c3ccccc13)[C@@](C2)(C(=O)OC)c1cc2c(cc1OC)N(C)[C@@H]1[C@]22CCN3CC=C[C@](CC)([C@@H]23)[C@@H](OC(C)=O)[C@]1(O)C(=O)OC
EULEXIN; FLUTAMIDE,CC(C)C(=O)Nc1ccc(c(c1)C(F)(F)F)[N+]([O-])=O
MOXIFLOXACIN; MOXIFLOXACIN,COc1c(N2CC3CCCNC3C2)c(F)cc2C(=O)C(CN(C3CC3)c12)C(O)=O
CORVERT; IBUTILIDE FUMARATE,CCCCCCCN(CC)CCCC(O)c1ccc(NS(C)(=O)=O)cc1
FLECAINIDE ACETATE; FLECAINIDE ACETATE,FC(F)(F)COc1ccc(OCC(F)(F)F)c(c1)C(=O)NCC1CCCCN1
ELESTAT; EPINASTINE HYDROCHLORIDE,NC1=NCC2N1c1ccccc1Cc1ccccc21
IQUIX; LEVOFLOXACIN,COC(=O)c1cn2[C@@H](C)COc3c(N4CCN(C)CC4)c(F)cc(c23)c1=O
LONSURF; TRIFLURIDINE,OC[C@H]1O[C@H](C[C@@H]1O)n1cc(c(=O)[nH]c1=O)C(F)(F)F
BENZYL BENZOATE; BENZYL BENZOATE,O=C(OCc1ccccc1)c1ccccc1
MEFENAMIC ACID; MEFENAMIC ACID,Cc1cccc(Nc2ccccc2C(O)=O)c1C
RECLAST; ZOLEDRONIC ACID,OC(C[n+]1cc[nH]c1)(P(O)(O)=O)P(O)(O)=O
MEXILETINE HYDROCHLORIDE; MEXILETINE HYDROCHLORIDE,C[C@@H](N)COc1c(C)cccc1C
MEXILETINE HYDROCHLORIDE; MEXILETINE HYDROCHLORIDE,C[C@H](N)COc1c(C)cccc1C
NILANDRON; NILUTAMIDE,CC1(C)NC(=O)N(C1=O)c1ccc(c(c1)C(F)(F)F)[N+]([O-])=O
FLUOXETINE; FLUOXETINE HYDROCHLORIDE,CNCC[C@@H](Oc1ccc(cc1)C(F)(F)F)c1ccccc1
LEVULAN; AMINOLEVULINIC ACID HYDROCHLORIDE,CCN(CC)CCC(=O)N1C(=O)CCC11CCCCC1
EZETIMIBE; SIMVASTATIN; SIMVASTATIN,CCC(C)(C)C(=O)O[C@H]1C[C@@H](C)C=C2C=C[C@H](C)[C@H](CC[C@@H]3C[C@@H](O)CC(=O)O3)[C@@H]12
MICONAZOLE 3 COMBINATION PACK; MICONAZOLE NITRATE,Clc1ccc(CO[C@H](Cn2ccnc2)c2ccc(Cl)cc2Cl)c(Cl)c1
MICONAZOLE 3 COMBINATION PACK; MICONAZOLE NITRATE,Clc1ccc(CO[C@@H](Cn2ccnc2)c2ccc(Cl)cc2Cl)c(Cl)c1
CEPHALEXIN; CEPHALEXIN,CC1=C(N2[C@H](SC1)[C@H](NC(=O)[C@H](N)c1ccccc1)C2=O)C(O)=O
DEXMETHYLPHENIDATE HYDROCHLORIDE; DEXMETHYLPHENIDATE HYDROCHLORIDE,COC(=O)[C@@H]([C@H]1CCCC[NH2+]1)c1ccccc1
AZULFIDINE EN-TABS; SULFASALAZINE,COC(=O)CCCOc1ccc(cc1)-c1ccc(s1)-c1noc(Cc2c[nH]c3ccccc23)n1
POTIGA; EZOGABINE,CCOC(=O)Nc1ccc(NCc2ccc(F)cc2)cc1N
VIRA-A; VIDARABINE,Nc1ncnc2n(cnc12)[C@@H]1O[C@H](CO)[C@@H](O)[C@@H]1O
HIVID; ZALCITABINE,Nc1ccn([C@H]2CC[C@@H](CO)O2)c(=O)n1
LETAIRIS; AMBRISENTAN,COC([C@H](Oc1nc(C)cc(C)n1)C(O)=O)(c1ccccc1)c1ccccc1
ALYACEN 1/35; NORETHINDRONE,C[C@]12CC[C@H]3[C@@H](CCC4=CC(=O)CC[C@H]34)[C@@H]1CC[C@@]2(O)C#C
ASMANEX HFA; MOMETASONE FUROATE,C[C@@H]1C[C@H]2[C@@H]3CCC4=CC(=O)C=C[C@]4(C)[C@@]3(Cl)[C@@H](O)C[C@]2(C)[C@@]1(OC(=O)c1ccco1)C(=O)CCl
PANCURONIUM BROMIDE; PANCURONIUM BROMIDE,Cc1cc(C)c(CNC(=O)c2cc(Br)nc3n(ncc23)C2CCOCC2)c(=O)[nH]1
NORCURON; VECURONIUM BROMIDE,CCN(C1CCOCC1)c1cc(Cl)cc(C(=O)NCc2c(C)cc(C)[nH]c2=O)c1C
FLAXEDIL; GALLAMINE TRIETHIODIDE,CC[N+](CC)(CC)CCOc1cccc(OCC[N+](CC)(CC)CC)c1OCC[N+](CC)(CC)CC
ARALEN PHOSPHATE W/ PRIMAQUINE PHOSPHATE; PRIMAQUINE PHOSPHATE,COc1cc(NC(C)CCC[NH3+])c2ncccc2c1
ETHAMOLIN; ETHANOLAMINE OLEATE,CCCCCCCC\C=C/CCCCCCCC(O)=O
BEVESPI AEROSPHERE; FORMOTEROL FUMARATE,COc1ccc(C[C@@H](C)NC[C@H](O)c2ccc(O)c(NC=O)c2)cc1
HALFAN; HALOFANTRINE HYDROCHLORIDE,[Na+].[Na+].[Na+].[Na+].CC(C)=CCCn1cc(CC(P([O-])([O-])=O)P([O-])([O-])=O)nn1
DITROPAN; OXYBUTYNIN CHLORIDE,CCN(CC)CC#CCOC(=O)[C@@](O)(C1CCCCC1)c1ccccc1
MULTAQ; DRONEDARONE HYDROCHLORIDE,CCCCN(CCCC)CCCOc1ccc(cc1)C(=O)c1c(CCCC)oc2ccc(NS(C)(=O)=O)cc12
VIIBRYD; VILAZODONE HYDROCHLORIDE,Brc1ccc(NC(=O)C[C@@H](NC(=O)c2ccc(cc2)-c2ccccc2CN2CCCC2)C(=O)N2CCCCC2)nc1
VIIBRYD; VILAZODONE HYDROCHLORIDE,NS(=O)(=O)c1ccccc1-c1ccc(cc1)C(=O)NCCNC(=O)c1ccc(Cl)cc1
VIIBRYD; VILAZODONE HYDROCHLORIDE,COc1ccc(cc1)C(=O)NCCNC(=O)c1ccc(cc1)-c1ccccc1S(N)(=O)=O
VIIBRYD; VILAZODONE HYDROCHLORIDE,NC(=O)c1cc2cc(ccc2o1)N1CCN(CCCCc2c[nH]c3ccc(cc23)C#N)CC1
RIDAURA; AURANOFIN,CC[P+](CC)(CC)[Au-]S[C@@H]1O[C@H](COC(C)=O)[C@@H](OC(C)=O)[C@H](OC(C)=O)[C@H]1OC(C)=O
METFORMIN HYDROCHLORIDE; REPAGLINIDE; REPAGLINIDE,CCOc1cc(CC(=O)N[C@@H](CC(C)C)c2ccccc2N2CCCCC2)ccc1C(O)=O
COPEGUS; RIBAVIRIN,NC(=O)c1ncn(n1)[C@@H]1O[C@H](CO)[C@@H](O)[C@H]1O
BSS PLUS; SODIUM PHOSPHATE,[O-]P([O-])([O-])=O
MODAFINIL; MODAFINIL,NC(=O)CS(=O)C(c1ccccc1)c1ccccc1
TYZEKA; TELBIVUDINE,Fc1ccc2ncc(=O)n3C[C@@H](CN4CCC(CC4)NCc4cc5OCCOc5nn4)c1c23
PIPERACILLIN AND TAZOBACTAM; TAZOBACTAM SODIUM,C[C@]1(Cn2ccnn2)[C@@H](N2[C@@H](CC2=O)S1(=O)=O)C(=O)O[Na]
GILENYA; FINGOLIMOD,CCCCCCCCc1ccc(CCC(N)(CO)CO)cc1
ACETATED RINGER'S IN PLASTIC CONTAINER; SODIUM ACETATE,CC([O-])=O
DELFLEX-LM W/ DEXTROSE 1.5% IN PLASTIC CONTAINER; SODIUM LACTATE,CC(O)C([O-])=O
RAPAFLO; SILODOSIN,C[C@H](Cc1cc2CCN(CCCO)c2c(c1)C(N)=O)NCCOc1ccccc1OCC(F)(F)F
CRESTOR; ROSUVASTATIN CALCIUM,Cc1c2C(=O)N(Cc3ccccc3-c3ccccc3)C(C(=O)NC(C)(C)C)c2ccc1NS(C)(=O)=O
AMLODIPINE BESYLATE AND ATORVASTATIN CALCIUM; ATORVASTATIN CALCIUM,COCCC(=O)N[C@@H](Cc1ccccc1)C(=O)N[C@@H](CC(C)C)B(O)O
BAYCOL; CERIVASTATIN SODIUM,CC(C)C[C@H](NC(=O)[C@H](Cc1ccccc1)NC(=O)CC(C)(C)C)B(O)O
BELVIQ; LORCASERIN HYDROCHLORIDE,C[C@H]1CNCCc2ccc(Cl)cc12
VALACYCLOVIR HYDROCHLORIDE; VALACYCLOVIR HYDROCHLORIDE,CC(C)[C@H](N)C(=O)OCCOCn1cnc2c1nc(N)[nH]c2=O
LYRICA; PREGABALIN,CC(C)C[C@H](CN)CC(O)=O
DETROL LA; TOLTERODINE TARTRATE,CC(C)N(CC[C@H](c1ccccc1)c1cc(C)ccc1O)C(C)C
DITROPAN; OXYBUTYNIN CHLORIDE,CCN(CC)CC#CCOC(=O)C(O)(C1CCCCC1)c1ccccc1
RECLAST; ZOLEDRONIC ACID,COc1cc(\C=C\C(=O)OCC(=O)Nc2c3CCCCc3nc3ccccc23)cc(OC)c1OC
RECLAST; ZOLEDRONIC ACID,COc1cc2c(Nc3c(F)ccc(O)c3C)ncnc2cc1OCCCN1CCCCC1
LANTRISUL; SULFADIAZINE,Nc1ccc(cc1)S(=O)(=O)Nc1ncccn1
VARENICLINE; VARENICLINE,C1C2CNCC1c1cc3nccnc3cc21
ACHES-N-PAIN; IBUPROFEN,CC(C)Cc1ccc(cc1)[C@@H](C)C(O)=O
ACHES-N-PAIN; IBUPROFEN,CC(C)Cc1ccc(cc1)[C@H](C)C(O)=O
ACTRON; KETOPROFEN,C[C@@H](C(O)=O)c1cccc(c1)C(=O)c1ccccc1
FASLODEX; FULVESTRANT,C[C@]12CC[C@H]3[C@H]([C@@H]1CC[C@@H]2O)[C@H](CCCCCCCCCS(=O)CCCC(F)(F)C(F)(F)F)Cc1cc(O)ccc31
NAFTIN; NAFTIFINE HYDROCHLORIDE,CN(C\C=C\c1ccccc1)Cc1cccc2ccccc12
AVAGARD; CHLORHEXIDINE GLUCONATE,NC(NC(N)=Nc1ccc(Cl)cc1)=NCCCCCCN=C(N)N=C(N)Nc1ccc(Cl)cc1
XTAMPZA ER; OXYCODONE,COc1ccc2C[C@H]3N(C)CC[C@@]45[C@@H](Oc1c24)C(=O)CCC35O
ANSAID; FLURBIPROFEN,C[C@@H](C(O)=O)c1ccc(c(F)c1)-c1ccccc1
ANSAID; FLURBIPROFEN,C[C@H](C(O)=O)c1ccc(c(F)c1)-c1ccccc1
PLIAGLIS; TETRACAINE,CN(C)C(=O)c1ccc(cc1Cl)N1CCC(CC1)C1CCN(CC1)C(=O)[C@](O)(c1ccccc1)C(F)(F)F
EUTONYL; PARGYLINE HYDROCHLORIDE,CN(CC#C)Cc1ccccc1
ARTHROTEC; DICLOFENAC SODIUM,[O-]C(=O)Cc1ccccc1Nc1c(Cl)cccc1Cl
PROTRIPTYLINE HYDROCHLORIDE; PROTRIPTYLINE HYDROCHLORIDE,CNCCCC1c2ccccc2C=Cc2ccccc12
CONZIP; TRAMADOL HYDROCHLORIDE,COc1cccc(c1)[C@@]1(O)CCCC[C@@H]1CN(C)C
FACTIVE; GEMIFLOXACIN MESYLATE,CO\N=C1/CN(CC1CN)c1nc2n(cc(C(O)=O)c(=O)c2cc1F)C1CC1
MEBENDAZOLE; MEBENDAZOLE,COC(=O)Nc1nc2ccc(cc2[nH]1)C(=O)c1ccccc1
NOXAFIL; POSACONAZOLE,CC[C@@H]([C@H](C)O)n1ncn(-c2ccc(cc2)N2CCN(CC2)c2ccc(OC[C@@H]3CO[C@](Cn4cncn4)(C3)c3ccc(F)cc3F)cc2)c1=O
GENVOYA; ELVITEGRAVIR,COc1cc2n(cc(C(O)=O)c(=O)c2cc1Cc1cccc(Cl)c1F)[C@H](CO)C(C)C
EDECRIN; ETHACRYNIC ACID,CCC(=C)C(=O)c1ccc(OCC(O)=O)c(Cl)c1Cl
ALESSE; ETHINYL ESTRADIOL,C[C@]12CC[C@H]3[C@@H](CCc4cc(O)ccc34)[C@@H]1CC[C@@]2(O)C#C
ANHYDRON; CYCLOTHIAZIDE,NS(=O)(=O)c1cc2c(NC(NS2(=O)=O)C2CC3CC2C=C3)cc1Cl
XELJANZ; TOFACITINIB CITRATE,C[C@@H]1CCN(C[C@@H]1N(C)c1ncnc2[nH]ccc12)C(=O)CC#N
HALOTEX; HALOPROGIN,Clc1cc(Cl)c(OCC#CI)cc1Cl
QUALAQUIN; QUININE SULFATE,COc1ccc2nccc([C@@H](O)[C@H]3C[C@@H]4CCN3C[C@H]4C=C)c2c1
THIOGUANINE; THIOGUANINE,Nc1nc2nc[nH]c2c(=S)[nH]1
CALCIJEX; CALCITRIOL,C[C@H](CCCC(C)(C)O)[C@H]1CC[C@H]2\C(CCC[C@]12C)=C\C=C1\C[C@@H](O)C[C@H](O)C1=C
ATOVAQUONE AND PROGUANIL HYDROCHLORIDE; ATOVAQUONE,Clc1ccc(cc1)[C@H]1CC[C@@H](CC1)C1C(=O)C(=O)c2ccccc2C1=O
CONCENTRAID; DESMOPRESSIN ACETATE,NC(=O)CC[C@@H]1NC(=O)[C@H](Cc2ccccc2)NC(=O)[C@H](Cc2ccc(O)cc2)NC(=O)CCSSC[C@H](NC(=O)[C@H](CC(N)=O)NC1=O)C(=O)N1CCC[C@H]1C(=O)N[C@H](CCCN=C(N)N)C(=O)NCC(N)=O
OXYTOCIN 10 USP UNITS IN DEXTROSE 5%; OXYTOCIN,CC[C@H](C)[C@@H]1NC(=O)[C@H](Cc2ccc(O)cc2)NC(=O)[C@@H](N)CSSC[C@H](NC(=O)[C@H](CC(N)=O)NC(=O)[C@H](CCC(N)=O)NC1=O)C(=O)N1CCC[C@H]1C(=O)N[C@@H](CC(C)C)C(=O)NCC(N)=O
BENEMID; PROBENECID,CCCN(CCC)S(=O)(=O)c1ccc(cc1)C(O)=O
TESTOSTERONE PROPIONATE; TESTOSTERONE PROPIONATE,CCC(=O)O[C@H]1CC[C@H]2[C@@H]3CCC4=CC(=O)CC[C@]4(C)[C@H]3CC[C@]12C
FLUMADINE; RIMANTADINE HYDROCHLORIDE,CC(N)C12CC3CC(CC(C3)C1)C2
CUPRIMINE; PENICILLAMINE,CC(C)(S)[C@@H](N)C(O)=O
MECLAN; MECLOCYCLINE SULFOSALICYLATE,OC(=O)c1cc(ccc1O)S(O)(=O)=O
APREPITANT; APREPITANT,C[C@@H](O[C@H]1OCCN(Cc2n[nH]c(=O)[nH]2)[C@H]1c1ccc(F)cc1)c1cc(cc(c1)C(F)(F)F)C(F)(F)F
AMLODIPINE BESYLATE AND ATORVASTATIN CALCIUM; ATORVASTATIN CALCIUM,CC(C)c1c(C(=O)Nc2ccccc2)c(c(-c2ccc(F)cc2)n1CC[C@@H](O)C[C@@H](O)CC([O-])=O)-c1ccccc1
CELEBREX; CELECOXIB,Cc1ccc(cc1)-c1cc(nn1-c1ccc(cc1)S(C)(=O)=O)C(F)(F)F
ALDACTAZIDE; SPIRONOLACTONE,CC(=O)S[C@@H]1CC2=CC(=O)CC[C@]2(C)[C@H]2CC[C@@]3(C)[C@@H](CC[C@@]33CCC(=O)O3)[C@H]12
GLYXAMBI; LINAGLIPTIN,CC#CCn1c(nc2n(C)c(=O)n(Cc3nc(C)c4ccccc4n3)c(=O)c12)N1CCC[C@@H](N)C1
ACTOPLUS MET; METFORMIN HYDROCHLORIDE,CN(C)C(=N)N=C(N)N
PARNATE; TRANYLCYPROMINE SULFATE,NC1CC1c1ccccc1
PARNATE; TRANYLCYPROMINE SULFATE,N[C@H]1C[C@@H]1c1ccccc1
TASIGNA; NILOTINIB HYDROCHLORIDE MONOHYDRATE,Cc1cn(cn1)-c1cc(NC(=O)c2ccc(C)c(Nc3nccc(n3)-c3cccnc3)c2)cc(c1)C(F)(F)F
TRASICOR; OXPRENOLOL HYDROCHLORIDE,CC(C)NCC(O)COc1ccccc1OCC=C
LEVULAN; AMINOLEVULINIC ACID HYDROCHLORIDE,NCC(=O)CCC(O)=O
SURMONTIL; TRIMIPRAMINE MALEATE,CC(CN(C)C)CN1c2ccccc2CCc2ccccc12
ETHOSUXIMIDE; ETHOSUXIMIDE,CCC1(C)CC(=O)NC1=O
BUTORPHANOL TARTRATE; BUTORPHANOL TARTRATE,Oc1ccc2C[C@H]3N(CC4CCC4)CC[C@@]4(CCCC[C@@]34O)c2c1
AZACTAM; AZTREONAM,C[C@H]1[C@H](NC(=O)C(=N/OC(C)(C)C(O)=O)\c2csc(N)n2)C(=O)N1S(O)(=O)=O
BRISTAMYCIN; ERYTHROMYCIN STEARATE,CCCCCCCCCCCCCCCCCC(O)=O
DIFLUNISAL; DIFLUNISAL,OC(=O)c1cc(ccc1O)-c1ccc(F)cc1F
TARACTAN; CHLORPROTHIXENE,CN(C)CC\C=C1\c2ccccc2Sc2ccc(Cl)cc12
ZELNORM; TEGASEROD MALEATE,CCCCCNC(N)=NN=Cc1c[nH]c2ccc(OC)cc12
LATANOPROST; LATANOPROST,CC(C)OC(=O)CCC\C=C/C[C@H]1[C@@H](O)C[C@@H](O)[C@@H]1CC[C@@H](O)CCc1ccccc1
APTIOM; ESLICARBAZEPINE ACETATE,CC(=O)O[C@H]1Cc2ccccc2N(C(N)=O)c2ccccc12
TIZANIDINE HYDROCHLORIDE; TIZANIDINE HYDROCHLORIDE,Clc1ccc2nsnc2c1NC1=NCCN1
AKINETON; BIPERIDEN HYDROCHLORIDE,OC(CCN1CCCCC1)(C1CC2CC1C=C2)c1ccccc1
PINDAC; PINACIDIL,CC(NC(NC#N)=Nc1ccncc1)C(C)(C)C
ALDARA; IMIQUIMOD,CC(C)Cn1cnc2c(N)nc3ccccc3c12
METHSCOPOLAMINE BROMIDE; METHSCOPOLAMINE BROMIDE,C[N+]1(C)[C@H]2C[C@@H](C[C@@H]1[C@H]1O[C@@H]21)OC(=O)[C@H](CO)c1ccccc1
ERGAMISOL; LEVAMISOLE HYDROCHLORIDE,C1CN2C[C@@H](N=C2S1)c1ccccc1
ALBENZA; ALBENDAZOLE,CCCSc1ccc2nc(NC(=O)OC)[nH]c2c1
HISPRIL; DIPHENYLPYRALINE HYDROCHLORIDE,CN1CCC(CC1)OC(c1ccccc1)c1ccccc1
DILAUDID-HP; HYDROMORPHONE HYDROCHLORIDE,CN1CC[C@@]23[C@H]4Oc5c2c(C[C@@H]1[C@@H]3CCC4=O)ccc5O
MAGNESIUM HYDROXIDE AND OMEPRAZOLE AND SODIUM BICARBONATE; OMEPRAZOLE,COc1ccc2nc([nH]c2c1)S(=O)Cc1ncc(C)c(OC)c1C
METHIMAZOLE; METHIMAZOLE,Cn1cc[nH]c1=S
ONDANSETRON HYDROCHLORIDE AND DEXTROSE IN PLASTIC CONTAINER; ONDANSETRON HYDROCHLORIDE,Cc1nccn1C[C@H]1CCc2c(C1=O)c1ccccc1n2C
PROVAYBLUE; METHYLENE BLUE,CN(C)c1ccc2nc3ccc(cc3sc2c1)=[N+](C)C
GLYSET; MIGLITOL,OCCN1C[C@H](O)[C@@H](O)[C@H](O)[C@H]1CO
ADIPEX-P; PHENTERMINE HYDROCHLORIDE,CC(C)(N)Cc1ccccc1
HEMANGEOL; PROPRANOLOL HYDROCHLORIDE,CC(C)NC[C@H](O)COc1cccc2ccccc12
PROMACTA; ELTROMBOPAG OLAMINE,Cc1[nH]n(-c2ccc(C)c(C)c2)c(=O)c1N=Nc1cccc(-c2cccc(c2)C(O)=O)c1O
OTEZLA; APREMILAST,CCOc1cc(ccc1OC)[C@@H](CS(C)(=O)=O)N1C(=O)c2cccc(NC(C)=O)c2C1=O
ERIVEDGE; VISMODEGIB,CS(=O)(=O)c1ccc(C(=O)Nc2ccc(Cl)c(c2)-c2ccccn2)c(Cl)c1
ACTIVELLA; ESTRADIOL,O[C@H]1CC[C@H]2[C@@H]3CCc4cc(O)ccc4[C@H]3CC[C@]12O
INVEGA; PALIPERIDONE,Cc1nc2C(O)CCCn2c(=O)c1CCN1CCC(CC1)c1noc2cc(F)ccc12
SHADE UVAGUARD; OXYBENZONE,COc1ccc(C(=O)c2ccccc2)c(O)c1
ZONTIVITY; VORAPAXAR SULFATE,CCOC(=O)N[C@@H]1CC[C@@H]2[C@H](C[C@@H]3[C@@H]([C@@H](C)OC3=O)[C@H]2C=Cc2ccc(cn2)-c2cccc(F)c2)C1
MYTELASE; AMBENONIUM CHLORIDE,CC[N+](CC)(CCNC(=O)C(=O)NCC[N+](CC)(CC)Cc1ccccc1Cl)Cc1ccccc1Cl
AVAGE; TAZAROTENE,CCOC(=O)c1ccc(nc1)C#Cc1ccc2SCCC(C)(C)c2c1
AMINOHIPPURATE SODIUM; AMINOHIPPURATE SODIUM,Nc1ccc(cc1)C(=O)NCC([O-])=O
TICAR; TICARCILLIN DISODIUM,CC1(C)S[C@@H]2[C@H](NC(=O)[C@H](C([O-])=O)c3ccsc3)C(=O)N2[C@H]1C([O-])=O
GEOPEN; CARBENICILLIN DISODIUM,CC1(C)S[C@@H]2[C@H](NC(=O)C(C([O-])=O)c3ccccc3)C(=O)N2[C@H]1C([O-])=O
DELCOBESE; AMPHETAMINE ADIPATE,[O-]C(=O)CCCCC([O-])=O
OCTREOTIDE ACETATE; OCTREOTIDE ACETATE,C[C@@H](O)[C@@H](CO)NC(=O)[C@@H]1CSSC[C@H](NC(=O)[C@H](N)Cc2ccccc2)C(=O)N[C@@H](Cc2ccccc2)C(=O)N[C@H](Cc2c[nH]c3ccccc23)C(=O)N[C@@H](CCCCN)C(=O)N[C@@H]([C@@H](C)O)C(=O)N1
CARBOPLATIN; CARBOPLATIN,[O-]C(=O)C1(CCC1)C([O-])=O
DALGAN; DEZOCINE,C[C@@]12CCCCC[C@@H](Cc3ccc(O)cc13)[C@@H]2N
KYPROLIS; CARFILZOMIB,CC(C)C[C@H](NC(=O)[C@H](CCc1ccccc1)NC(=O)CN1CCOCC1)C(=O)N[C@@H](Cc1ccccc1)C(=O)N[C@@H](CC(C)C)C(=O)[C@@]1(C)CO1
MIRADON; ANISINDIONE,COc1ccc(cc1)C1C(=O)c2ccccc2C1=O
HEDULIN; PHENINDIONE,O=C1C(C(=O)c2ccccc12)c1ccccc1
CESAMET; NABILONE,CCCCCCC(C)(C)c1cc(O)c2[C@@H]3CC(=O)CC[C@H]3C(C)(C)Oc2c1
BACTROBAN; MUPIROCIN,C[C@H](O)[C@H](C)[C@@H]1O[C@H]1C[C@H]1CO[C@@H](C\C(C)=C\C(=O)OCCCCCCCCC(O)=O)[C@H](O)[C@@H]1O
CHLORZOXAZONE; CHLORZOXAZONE,Clc1ccc2oc(=O)[nH]c2c1
TONOCARD; TOCAINIDE HYDROCHLORIDE,C[C@H](N)C(=O)Nc1c(C)cccc1C
TONOCARD; TOCAINIDE HYDROCHLORIDE,C[C@@H](N)C(=O)Nc1c(C)cccc1C
BETIMOL; TIMOLOL,CC(C)(C)NC[C@H](O)COc1nsnc1N1CCOCC1
ACTAHIST; TRIPROLIDINE HYDROCHLORIDE,Cc1ccc(cc1)C(=C/CN1CCCC1)\c1ccccn1
ATIVAN; LORAZEPAM,OC1N=C(c2ccccc2Cl)c2cc(Cl)ccc2NC1=O
AKRINOL; ACRISORCIN,CCCCCCc1ccc(O)cc1O
D.H.E. 45; DIHYDROERGOTAMINE MESYLATE,CN1C[C@@H](C[C@H]2[C@H]1Cc1c[nH]c3cccc2c13)C(=O)N[C@]1(C)O[C@@]2(O)[C@@H]3CCCN3C(=O)[C@H](Cc3ccccc3)N2C1=O
MICROSUL; SULFAMETHIZOLE,Cc1nnc(NS(=O)(=O)c2ccc(N)cc2)s1
ALUPENT; METAPROTERENOL SULFATE,CC(C)NCC(O)c1cc(O)cc(O)c1
SPIRIVA RESPIMAT; TIOTROPIUM BROMIDE,C[N+]1(C)[C@@H]2C[C@H](C[C@@H]1[C@@H]1O[C@H]21)OC(=O)C(O)(c1cccs1)c1cccs1
PENETREX; ENOXACIN,CCn1cc(C(O)=O)c(=O)c2cc(F)c(nc12)N1CCNCC1
LACOSAMIDE; LACOSAMIDE,COC[C@@H](NC(C)=O)C(=O)NCc1ccccc1
EUTHROID-0.5; T4,N[C@@H](Cc1cc(I)c(Oc2cc(I)c(O)c(I)c2)c(I)c1)C(O)=O
CELEXA; CITALOPRAM HYDROBROMIDE,CN(C)CCC[C@]1(OCc2cc(ccc12)C#N)c1ccc(F)cc1
XALKORI; CRIZOTINIB,C[C@@H](Oc1cc(cnc1N)-c1cnn(c1)C1CCNCC1)c1c(Cl)ccc(F)c1Cl
MESTINON; PYRIDOSTIGMINE BROMIDE,CN(C)C(=O)Oc1ccc[n+](C)c1
GYNE-SULF; SULFACETAMIDE,CC(=O)NS(=O)(=O)c1ccc(N)cc1
KENGREAL; CANGRELOR,CSCCNc1nc(SCCC(F)(F)F)nc2n(cnc12)[C@@H]1O[C@H](COP([O-])(=O)OP([O-])(=O)C(Cl)(Cl)P([O-])([O-])=O)[C@@H](O)[C@H]1O
ARCAPTA NEOHALER; INDACATEROL MALEATE,CCc1cc2CC(Cc2cc1CC)NC[C@H](O)c1ccc(O)c2[nH]c(=O)ccc12
EPLERENONE; EPLERENONE,COC(=O)[C@@H]1CC2=CC(=O)CC[C@]2(C)[C@@]23O[C@@H]2C[C@@]2(C)[C@@H](CC[C@@]22CCC(=O)O2)[C@H]13
SALONPAS; MENTHOL,CC(C)[C@@H]1CC[C@@H](C)C[C@H]1O
NIMODIPINE; NIMODIPINE,COCCOC(=O)C1=C(C)N=C(C)C(C1c1cccc(c1)[N+]([O-])=O)C(=O)OC(C)C
ATACAND; CANDESARTAN CILEXETIL,CCOc1nc2cccc(C(=O)OC(C)OC(=O)OC3CCCCC3)c2n1Cc1ccc(cc1)-c1ccccc1-c1nnn[nH]1
LAMPRENE; CLOFAZIMINE,CC(C)\N=c1\cc2n(-c3ccc(Cl)cc3)c3ccccc3nc2cc1Nc1ccc(Cl)cc1
CLOPIDOGREL BISULFATE; CLOPIDOGREL BISULFATE,COC(=O)[C@@H](N1CCc2sccc2C1)c1ccccc1Cl
ZYFLO CR; ZILEUTON,C[C@H](N(O)C(N)=O)c1cc2ccccc2s1
ULORIC; FEBUXOSTAT,CC(C)COc1ccc(cc1C#N)-c1nc(C)c(s1)C(O)=O
ICLUSIG; PONATINIB HYDROCHLORIDE,CN1CCN(Cc2ccc(NC(=O)c3ccc(C)c(c3)C#Cc3cnc4cccnn34)cc2C(F)(F)F)CC1
GILOTRIF; AFATINIB DIMALEATE,CN(C)C\C=C\C(=O)Nc1cc2c(Nc3ccc(F)c(Cl)c3)ncnc2cc1O[C@H]1CCOC1
SYPRINE; TRIENTINE HYDROCHLORIDE,NCCNCCNCCN
DOBUTAMINE HYDROCHLORIDE; DOBUTAMINE HYDROCHLORIDE,CC(CCc1ccc(O)cc1)NCCc1ccc(O)c(O)c1
INCIVEK; TELAPREVIR,CCC[C@H](NC(=O)[C@@H]1[C@H]2CCC[C@H]2CN1C(=O)[C@@H](NC(=O)[C@@H](NC(=O)c1cnccn1)C1CCCCC1)C(C)(C)C)C(=O)C(=O)NC1CC1
LORFAN; LEVALLORPHAN TARTRATE,Oc1ccc2C[C@@H]3[C@@H]4CCCC[C@]4(CCN3CC=C)c2c1
METHERGINE; METHYLERGONOVINE MALEATE,CC[C@@H](CO)NC(=O)[C@H]1CN(C)[C@@H]2Cc3c[nH]c4cccc(C2=C1)c34
DIMENHYDRINATE; DIMENHYDRINATE,Cn1c2nc(Cl)[nH]c2c(=O)n(C)c1=O
VFEND; VORICONAZOLE,C[C@@H](c1ncncc1F)[C@](O)(Cn1cncn1)c1ccc(F)cc1F
ACARBOSE; ACARBOSE,C[C@H]1O[C@H](O[C@@H]2[C@@H](CO)O[C@H](O[C@@H]3[C@@H](CO)O[C@@H](O)[C@H](O)[C@H]3O)[C@H](O)[C@H]2O)[C@H](O)[C@@H](O)[C@@H]1N[C@H]1C=C(CO)[C@@H](O)[C@H](O)[C@H]1O
ORAP; PIMOZIDE,Fc1ccc(cc1)C(CCCN1CCC(CC1)n1c2ccccc2[nH]c1=O)c1ccc(F)cc1
FINASTERIDE; FINASTERIDE,CC(C)(C)NC(=O)[C@H]1CC[C@H]2[C@@H]3CC[C@H]4NC(=O)C=C[C@]4(C)[C@H]3CC[C@]12C
MARAVIROC; MARAVIROC,CC(C)c1nnc(C)n1[C@H]1C[C@@H]2CC[C@H](C1)N2CC[C@H](NC(=O)C1CCC(F)(F)CC1)c1ccccc1
LINCOCIN; LINCOMYCIN HYDROCHLORIDE,CCC[C@@H]1C[C@H](N(C)C1)C(=O)N[C@H]([C@@H](C)O)[C@H]1O[C@H](SC)[C@H](O)[C@@H](O)[C@H]1O
DOW-ISONIAZID; ISONIAZID,NNC(=O)c1ccncc1
ADALAT CC; NIFEDIPINE,COC(=O)C1C(C(C(=O)OC)=C(C)N=C1C)c1ccccc1[N+]([O-])=O
ARMODAFINIL; ARMODAFINIL,NC(=O)C[S@@](=O)C(c1ccccc1)c1ccccc1
CALAN SR; VERAPAMIL HYDROCHLORIDE,COc1ccc(CCN(C)CCC[C@@](C#N)(C(C)C)c2ccc(OC)c(OC)c2)cc1OC
LEVOPROME; LEVOMEPROMAZINE,COc1ccc2Sc3ccccc3N(C[C@@H](C)CN(C)C)c2c1
EC-NAPROSYN; NAPROXEN,COc1ccc2cc(ccc2c1)[C@H](C)C(O)=O
AVODART; DUTASTERIDE,C[C@]12CC[C@H]3[C@@H](CC[C@H]4NC(=O)C=C[C@]34C)[C@@H]1CC[C@@H]2C(=O)Nc1cc(ccc1C(F)(F)F)C(F)(F)F
ADRUCIL; FLUOROURACIL,Fc1c[nH]c(=O)[nH]c1=O
FLOXURIDINE; FLOXURIDINE,OC[C@H]1O[C@H](C[C@@H]1O)n1cc(F)c(=O)[nH]c1=O
ASTELIN; AZELASTINE HYDROCHLORIDE,CN1CCCC(CC1)n1nc(Cc2ccc(Cl)cc2)c2ccccc2c1=O
XENAZINE; TETRABENAZINE,COc1cc2CCN3C[C@H](CC(C)C)C(=O)C[C@H]3c2cc1OC
TORISEL; TEMSIROLIMUS,CO[C@@H]1C[C@H](C[C@@H](C)[C@@H]2CC(=O)[C@H](C)\C=C(C)\[C@@H](O)[C@@H](OC)C(=O)[C@H](C)C[C@H](C)\C=C\C=C\C=C(C)\[C@H](C[C@@H]3CC[C@@H](C)[C@@](O)(O3)C(=O)C(=O)N3CCCC[C@H]3C(=O)O2)OC)CC[C@H]1OC(=O)C(C)(CO)CO
SOLIFENACIN SUCCINATE; SOLIFENACIN SUCCINATE,O=C(O[C@H]1CN2CCC1CC2)N1CCc2ccccc2[C@@H]1c1ccccc1
AKNE-MYCIN; ERYTHROMYCIN,CC[C@H]1OC(=O)[C@H](C)[C@@H](O[C@H]2C[C@@](C)(OC)[C@@H](O)[C@H](C)O2)[C@H](C)[C@@H](O[C@@H]2O[C@H](C)C[C@@H]([C@H]2O)N(C)C)[C@](C)(O)C[C@@H](C)C(=O)[C@H](C)[C@@H](O)[C@]1(C)O
CHLORPROPAMIDE; CHLORPROPAMIDE,CCCNC(=O)NS(=O)(=O)c1ccc(Cl)cc1
NATEGLINIDE; NATEGLINIDE,CC(C)[C@H]1CC[C@@H](CC1)C(=O)N[C@H](Cc1ccccc1)C(O)=O
XIFAXAN; RIFAXIMIN,CO[C@H]1\C=C\O[C@@]2(C)Oc3c(C2=O)c2c4nc5cc(C)ccn5c4c(NC(=O)\C(C)=C/C=C/[C@H](C)[C@H](O)[C@@H](C)[C@@H](O)[C@@H](C)[C@H](OC(C)=O)[C@@H]1C)c(O)c2c(O)c3C
AMOXICILLIN; AMOXICILLIN,CC1(C)S[C@@H]2[C@H](NC(=O)[C@H](N)c3ccc(O)cc3)C(=O)N2[C@H]1C(O)=O
AMCILL; AMPICILLIN/AMPICILLIN TRIHYDRATE,CC1(C)S[C@@H]2[C@H](NC(=O)[C@H](N)c3ccccc3)C(=O)N2[C@H]1C(O)=O
CEFADROXIL; CEFADROXIL/CEFADROXIL HEMIHYDRATE,CC1=C(N2[C@H](SC1)[C@H](NC(=O)[C@H](N)c1ccc(O)cc1)C2=O)C(O)=O
CEFEPIME AND DEXTROSE IN DUPLEX CONTAINER; CEFEPIME HYDROCHLORIDE,CO\N=C(/C(=O)N[C@H]1[C@H]2SCC(C[N+]3(C)CCCC3)=C(N2C1=O)C([O-])=O)c1csc(N)n1
CEFUROXIME; CEFUROXIME,CO\N=C(\C(=O)N[C@H]1[C@H]2SCC(COC(N)=O)=C(N2C1=O)C(O)=O)c1ccco1
CYCLACILLIN; CYCLACILLIN,CC1(C)S[C@@H]2[C@H](NC(=O)C3(N)CCCCC3)C(=O)N2[C@H]1C(O)=O
BUPIVACAINE HYDROCHLORIDE AND EPINEPHRINE; BUPIVACAINE HYDROCHLORIDE,CCCCN1CCCC[C@@H]1C(=O)Nc1c(C)cccc1C
EXPAREL; BUPIVACAINE,CCCCN1CCCCC1C(=O)Nc1c(C)cccc1C
CHIROCAINE; LEVOBUPIVACAINE HYDROCHLORIDE,CCCCN1CCCC[C@H]1C(=O)Nc1c(C)cccc1C
BEROCCA PN; ASCORBIC ACID,OC[C@H](O)[C@H]1OC(=O)C(=O)C1O
ISTODAX; ROMIDEPSIN,C\C=C1/NC(=O)[C@@H](CS)NC(=O)[C@H](CC(=O)C[C@H](OC(=O)[C@@H](NC1=O)C(C)C)\C=C\CCS)C(C)C
BUTRANS; BUPRENORPHINE,CO[C@@]12CC[C@@]3(C[C@@H]1[C@](C)(O)C(C)(C)C)[C@H]1Cc4ccc(O)c5O[C@@H]2[C@]3(CCN1CC1CC1)c45
ADVAIR DISKUS 100/50; FLUTICASONE PROPIONATE,CCC(=O)O[C@@]1([C@H](C)C[C@H]2[C@@H]3C[C@H](F)C4=CC(=O)C=C[C@]4(C)[C@@]3(F)[C@@H](O)C[C@]12C)C(=O)SCF
BUDESONIDE; BUDESONIDE,CCCC1O[C@@H]2C[C@H]3[C@@H]4CCC5=CC(=O)C=C[C@]5(C)[C@H]4[C@@H](O)C[C@]3(C)[C@@]2(O1)C(=O)CO
ARNUITY ELLIPTA; FLUTICASONE FUROATE,C[C@@H]1C[C@H]2[C@@H]3C[C@H](F)C4=CC(=O)C=C[C@]4(C)[C@@]3(F)[C@@H](O)C[C@]2(C)[C@@]1(OC(=O)c1ccco1)C(=O)SCF
JAKAFI; RUXOLITINIB PHOSPHATE,N#CC[C@H](C1CCCC1)n1cc(cn1)-c1ncnc2[nH]ccc12
AMICAR; AMINOCAPROIC ACID,NCCCCCC(O)=O
SABRIL; VIGABATRIN,N[C@H](CCC(O)=O)C=C
CYSTADANE; BETAINE HYDROCHLORIDE,C[N+](C)(C)CC(O)=O
IMBRUVICA; IBRUTINIB,Nc1ncnc2n(nc(-c3ccc(Oc4ccccc4)cc3)c12)[C@@H]1CCCN(C1)C(=O)C=C
DESOXYN; METHAMPHETAMINE HYDROCHLORIDE,CN[C@@H](C)Cc1ccccc1
PAREDRINE; HYDROXYAMPHETAMINE HYDROBROMIDE,C[C@H](N)Cc1ccc(O)cc1
PAREDRINE; HYDROXYAMPHETAMINE HYDROBROMIDE,C[C@@H](N)Cc1ccc(O)cc1
ACCUNEB; ALBUTEROL SULFATE,CC(C)(C)NC[C@H](O)c1ccc(O)c(CO)c1
INFUVITE PEDIATRIC (PHARMACY BULK PACKAGE); RIBOFLAVIN,Cc1cc2nc3c(nc(=O)[nH]c3=O)n(C[C@H](O)[C@H](O)[C@H](O)CO)c2cc1C
STIVARGA; REGORAFENIB,CNC(=O)c1cc(Oc2ccc(NC(=O)Nc3ccc(Cl)c(c3)C(F)(F)F)c(F)c2)ccn1
ESTROPIPATE; ESTROPIPATE,C[C@]12CC[C@H]3[C@@H](CCc4cc(OS(O)(=O)=O)ccc34)[C@@H]1CCC2=O
RENACIDIN; GLUCONOLACTONE,OC[C@H]1OC(=O)[C@H](O)[C@@H](O)[C@@H]1O
ATOMOXETINE; ATOMOXETINE,CNCC[C@@H](Oc1ccccc1C)c1ccccc1
BROMANATE DM; DEXTROMETHORPHAN HYDROBROMIDE,COc1ccc2C[C@H]3[C@H]4CCCC[C@@]4(CCN3C)c2c1
BENZTROPINE MESYLATE; BENZTROPINE MESYLATE,CN1[C@H]2CC[C@@H]1C[C@@H](C2)OC(c1ccccc1)c1ccccc1
AKTOB; TOBRAMYCIN,NC[C@H]1O[C@H](O[C@@H]2[C@@H](N)C[C@@H](N)[C@H](O[C@H]3O[C@H](CO)[C@@H](O)[C@H](N)[C@H]3O)[C@H]2O)[C@H](N)C[C@@H]1O
TUBOCURARINE CHLORIDE; TUBOCURARINE CHLORIDE,COc1cc2CC[N+](C)(C)[C@@H]3Cc4ccc(O)c(Oc5cc6[C@H](Cc7ccc(Oc(c1O)c23)cc7)N(C)CCc6cc5OC)c4
ABACAVIR; ABACAVIR,Nc1nc(NC2CC2)c2ncn([C@@H]3C[C@H](CO)C=C3)c2n1
ABACAVIR AND LAMIVUDINE; LAMIVUDINE,Nc1ccn([C@@H]2CS[C@H](CO)O2)c(=O)n1
ZAGAM; SPARFLOXACIN,C[C@H]1CN(C[C@@H](C)N1)c1c(F)c(N)c2c(c1F)n(cc(C(O)=O)c2=O)C1CC1
AVELOX IN SODIUM CHLORIDE 0.8% IN PLASTIC CONTAINER; MOXIFLOXACIN HYDROCHLORIDE,COc1c(N2C[C@@H]3CCCN[C@@H]3C2)c(F)cc2c1n(cc(C(O)=O)c2=O)C1CC1
FLOXIN IN DEXTROSE 5% IN PLASTIC CONTAINER; OFLOXACIN,C[C@H]1COc2c(N3CCN(C)CC3)c(F)cc3c2n1cc(C(O)=O)c3=O
MEMBRANEBLUE; TRYPAN BLUE,Cc1cc(ccc1N=Nc1c(O)c2c(N)cc(cc2cc1S([O-])(=O)=O)S([O-])(=O)=O)-c1ccc(N=Nc2c(O)c3c(N)cc(cc3cc2S([O-])(=O)=O)S([O-])(=O)=O)c(C)c1
EVANS BLUE; EVANS BLUE,Cc1cc(ccc1N=Nc1ccc2c(cc(c(N)c2c1O)S([O-])(=O)=O)S([O-])(=O)=O)-c1ccc(N=Nc2ccc3c(cc(c(N)c3c2O)S([O-])(=O)=O)S([O-])(=O)=O)c(C)c1
QUALAQUIN; QUININE SULFATE,COc1ccc2nccc([C@@H](O)[C@@H]3C[C@@H]4CCN3C[C@@H]4C=C)c2c1
ENALAPRILAT; ENALAPRILAT,C[C@H](N[C@@H](CCc1ccccc1)C(O)=O)C(=O)N1CCC[C@H]1C(O)=O
CARDENE IN 0.83% SODIUM CHLORIDE IN PLASTIC CONTAINER; NICARDIPINE HYDROCHLORIDE,COC(=O)C1C(C(C(=O)OCCN(C)Cc2ccccc2)=C(C)N=C1C)c1cccc(c1)[N+]([O-])=O
BEROCCA PN; FOLIC ACID,Nc1nc2ncc(CNc3ccc(cc3)C(=O)N[C@@H](CCC(O)=O)C(O)=O)nc2c(=O)[nH]1
TESLAC; TESTOLACTONE,C[C@]12CC[C@H]3[C@@H](CCC4=CC(=O)C=C[C@]34C)[C@@H]1CCC(=O)O2
SCOPOLAMINE; SCOPOLAMINE,CN1[C@H]2CC(C[C@H]1[C@@H]1O[C@@H]21)OC(=O)[C@H](CO)c1ccccc1
PRAVACHOL; PRAVASTATIN SODIUM,CC[C@H](C)C(=O)O[C@H]1C[C@H](O)C=C2C=C[C@H](C)[C@H](CC[C@@H](O)C[C@@H](O)CC([O-])=O)[C@@H]12
FLUVASTATIN; FLUVASTATIN,CC(C)n1c(\C=C\[C@@H](O)C[C@@H](O)CC([O-])=O)c(-c2ccc(F)cc2)c2ccccc12
ACCUPRIL; QUINAPRIL HYDROCHLORIDE,CCOC(=O)[C@H](CCc1ccccc1)N[C@@H](C)C(=O)N1Cc2ccccc2C[C@H]1C(O)=O
QUARZAN; CLIDINIUM BROMIDE,C[N+]12CCC(CC1)[C@H](C2)OC(=O)C(O)(c1ccccc1)c1ccccc1
INVERSINE; MECAMYLAMINE HYDROCHLORIDE,CN[C@]1(C)[C@@H]2CC[C@@H](C2)C1(C)C
MAVIK; TRANDOLAPRIL,CCOC(=O)[C@H](CCc1ccccc1)N[C@@H](C)C(=O)N1[C@H]2CCCC[C@@H]2C[C@H]1C(O)=O
CALCIPOTRIENE AND BETAMETHASONE DIPROPIONATE; CALCIPOTRIENE HYDRATE,C[C@H](\C=C\[C@@H](O)C1CC1)[C@H]1CC[C@H]2\C(CCC[C@]12C)=C\C=C1\C[C@@H](O)C[C@H](O)C1=C
CETROTIDE; CETRORELIX,CC(C)C[C@H](NC(=O)[C@@H](CCCNC(N)=O)NC(=O)[C@H](Cc1ccc(O)cc1)NC(=O)[C@H](CO)NC(=O)[C@@H](Cc1cccnc1)NC(=O)[C@@H](Cc1ccc(Cl)cc1)NC(=O)[C@@H](Cc1ccc2ccccc2c1)NC(C)=O)C(=O)N[C@@H](CCCN=C(N)N)C(=O)N1CCC[C@H]1C(=O)N[C@H](C)C(N)=O
TIOCONAZOLE; TIOCONAZOLE,Clc1sccc1COC(Cn1ccnc1)c1ccc(Cl)cc1Cl
RIFADIN; RIFAMPIN,CO[C@H]1\C=C\O[C@@]2(C)Oc3c(C2=O)c2c(O)c(\C=N\N4CCN(C)CC4)c(NC(=O)\C(C)=C/C=C/[C@H](C)[C@H](O)[C@@H](C)[C@@H](O)[C@@H](C)[C@H](OC(C)=O)[C@@H]1C)c(O)c2c(O)c3C
TAO; TROLEANDOMYCIN,CO[C@H]1C[C@H](O[C@H]2[C@H](C)[C@@H](O[C@@H]3O[C@H](C)C[C@@H]([C@H]3OC(C)=O)N(C)C)[C@@H](C)C[C@@]3(CO3)C(=O)[C@H](C)[C@@H](OC(C)=O)[C@@H](C)[C@@H](C)OC(=O)[C@@H]2C)O[C@@H](C)[C@@H]1OC(C)=O
DENDRID; IDOXURIDINE,OC[C@H]1O[C@H](C[C@@H]1O)n1cc(I)c(=O)[nH]c1=O
SERENTIL; MESORIDAZINE BESYLATE,CN1CCCC[C@@H]1CCN1c2ccccc2Sc2ccc(cc12)[S@](C)=O
V-CILLIN; PENICILLIN V,CC1(C)S[C@@H]2[C@H](NC(=O)COc3ccccc3)C(=O)N2[C@H]1C(O)=O
ANSPOR; CEPHRADINE,CC1=C(N2[C@H](SC1)[C@H](NC(=O)[C@H](N)C1=CCC=CC1)C2=O)C(O)=O
CEDAX; CEFTIBUTEN DIHYDRATE,Nc1nc(cs1)C(=C\CC(O)=O)\C(=O)N[C@H]1[C@H]2SCC=C(N2C1=O)C(O)=O
CODOXY; OXYCODONE HYDROCHLORIDE,COc1ccc2C[C@H]3N(C)CC[C@@]45[C@@H](Oc1c24)C(=O)CC[C@@]35O
KERYDIN; TAVABOROLE,OB1OCc2cc(F)ccc12
CRESTOR; ROSUVASTATIN CALCIUM,CC(C)c1nc(nc(-c2ccc(F)cc2)c1\C=C\[C@@H](O)C[C@@H](O)CC([O-])=O)N(C)S(C)(=O)=O
LIVALO; PITAVASTATIN CALCIUM,O[C@H](C[C@H](O)\C=C\c1c(nc2ccccc2c1-c1ccc(F)cc1)C1CC1)CC([O-])=O
CORTEF; HYDROCORTISONE CYPIONATE,C[C@]12C[C@H](O)[C@H]3[C@@H](CCC4=CC(=O)CC[C@]34C)[C@@H]1CC[C@]2(O)C(=O)COC(=O)CCC1CCCC1
ANORO ELLIPTA; VILANTEROL TRIFENATATE,OC(=O)C(c1ccccc1)(c1ccccc1)c1ccccc1
EZETIMIBE; EZETIMIBE,O[C@@H](CC[C@@H]1[C@H](N(C1=O)c1ccc(F)cc1)c1ccc(O)cc1)c1ccc(F)cc1
KUVAN; SAPROPTERIN DIHYDROCHLORIDE,C[C@H](O)[C@H](O)[C@H]1CNc2nc(N)[nH]c(=O)c2N1
BEROCCA PN; THIAMINE HYDROCHLORIDE,Cc1c(CCO)sc[n+]1Cc1cnc(C)nc1N
AZASITE; AZITHROMYCIN,CC[C@H]1OC(=O)[C@H](C)[C@@H](O[C@H]2C[C@@](C)(OC)[C@@H](O)[C@H](C)O2)[C@H](C)[C@@H](O[C@@H]2O[C@H](C)C[C@@H]([C@H]2O)N(C)C)[C@](C)(O)C[C@@H](C)CN(C)[C@H](C)[C@@H](O)[C@]1(C)O
AZASAN; AZATHIOPRINE,Cn1cnc(c1Sc1ncnc2nc[nH]c12)[N+]([O-])=O
FLAGYL ER; METRONIDAZOLE,Cc1ncc(n1CCO)[N+]([O-])=O
TERAZOL 3; TERCONAZOLE,CC(C)N1CCN(CC1)c1ccc(OC[C@H]2CO[C@@](Cn3cncn3)(O2)c2ccc(Cl)cc2Cl)cc1
ELLA; ULIPRISTAL ACETATE,CN(C)c1ccc(cc1)[C@H]1C[C@@]2(C)[C@@H](CC[C@]2(OC(C)=O)C(C)=O)[C@@H]2CCC3=CC(=O)CCC3=C12
KYBELLA; DEOXYCHOLIC ACID,C[C@H](CCC(=O)NCCS(O)(=O)=O)[C@H]1CC[C@H]2[C@@H]3CC[C@@H]4C[C@H](O)CC[C@]4(C)[C@H]3CC[C@]12C
KYBELLA; DEOXYCHOLIC ACID,C[C@H](CCC(=O)NCC(O)=O)[C@H]1CC[C@H]2[C@@H]3CC[C@@H]4C[C@H](O)CC[C@]4(C)[C@H]3CC[C@]12C
NIPRIDE; SODIUM NITROPRUSSIDE,O=N[Fe--](C#N)(C#N)(C#N)(C#N)C#N
PENICILLIN G SODIUM; PENICILLIN G SODIUM,CC1(C)S[C@@H]2[C@H](NC(=O)Cc3ccccc3)C(=O)N2[C@H]1C([O-])=O
CANTIL; MEPENZOLATE BROMIDE,C[N+]1(C)CCCC(C1)OC(=O)C(O)(c1ccccc1)c1ccccc1
ACILAC; LACTULOSE,OC[C@H]1O[C@](O)(CO)[C@@H](O)[C@@H]1O[C@@H]1O[C@H](CO)[C@H](O)[C@H](O)[C@H]1O
LUDIOMIL; MAPROTILINE HYDROCHLORIDE,CNCCC[C@@]12CC[C@@H](c3ccccc13)c1ccccc21
ALBUTEROL SULFATE AND IPRATROPIUM BROMIDE; IPRATROPIUM BROMIDE,CC(C)[N+]1(C)C2CCC1CC(C2)OC(=O)C(CO)c1ccccc1
KETEK; TELITHROMYCIN,CC[C@H]1OC(=O)[C@H](C)C(=O)[C@H](C)[C@@H](O[C@@H]2O[C@H](C)C[C@@H]([C@H]2O)N(C)C)[C@@](C)(C[C@@H](C)C(=O)[C@H](C)[C@H]2N(CCCCn3cnc(c3)-c3cccnc3)C(=O)O[C@]12C)OC
LAMPRENE; CLOFAZIMINE,CC(C)\N=c1/cc2n(-c3ccc(Cl)cc3)c3ccccc3nc2cc1Nc1ccc(Cl)cc1
VRAYLAR; CARIPRAZINE HYDROCHLORIDE,CN(C)C(=O)N[C@H]1CC[C@H](CCN2CCN(CC2)c2cccc(Cl)c2Cl)CC1
KYBELLA; DEOXYCHOLIC ACID,C[C@H](CCC([O-])=O)[C@H]1CC[C@@H]2[C@]1(C)[C@@H](O)C[C@H]1[C@@]2(C)CC[C@@H]2C[C@H](O)CC[C@]12C
NUCYNTA ER; TAPENTADOL HYDROCHLORIDE,CC[C@H]([C@@H](C)CN(C)C)c1cccc(O)c1
ACETAMINOPHEN AND HYDROCODONE BITARTRATE; HYDROCODONE BITARTRATE,COc1ccc2C[C@@H]3[C@@H]4CCC(=O)[C@@H]5Oc1c2[C@]45CCN3C
INVOKAMET; CANAGLIFLOZIN,Cc1ccc(cc1Cc1ccc(s1)-c1ccc(F)cc1)[C@@H]1O[C@H](CO)[C@@H](O)[C@H](O)[C@H]1O
OPSUMIT; MACITENTAN,CCCNS(=O)(=O)Nc1ncnc(OCCOc2ncc(Br)cn2)c1-c1ccc(Br)cc1
ZELBORAF; VEMURAFENIB,CCCS(=O)(=O)Nc1ccc(F)c(C(=O)c2c[nH]c3ncc(cc23)-c2ccc(Cl)cc2)c1F
BRILINTA; TICAGRELOR,CCCSc1nc(N[C@@H]2C[C@H]2c2ccc(F)c(F)c2)c2nnn([C@@H]3C[C@H](OCCO)[C@@H](O)[C@H]3O)c2n1
RIMADYL; CARPROFEN,C[C@@H](C(O)=O)c1ccc2c(c1)[nH]c1ccc(Cl)cc21
RIMADYL; CARPROFEN,C[C@H](C(O)=O)c1ccc2c(c1)[nH]c1ccc(Cl)cc21
AROMASIN; EXEMESTANE,C[C@]12CC[C@H]3[C@@H](CC(=C)C4=CC(=O)C=C[C@]34C)[C@@H]1CCC2=O
EFFEXOR; VENLAFAXINE HYDROCHLORIDE,COc1ccc(cc1)[C@@H](CN(C)C)C1(O)CCCCC1
EFFEXOR; VENLAFAXINE HYDROCHLORIDE,COc1ccc(cc1)[C@H](CN(C)C)C1(O)CCCCC1
COLONAID; DIPHENOXYLATE HYDROCHLORIDE,CCOC(=O)C1(CCN(CCC(C#N)(c2ccccc2)c2ccccc2)CC1)c1ccccc1
ZYDELIG; IDELALISIB,CC[C@H](Nc1ncnc2nc[nH]c12)c1nc2cccc(F)c2c(=O)n1-c1ccccc1
FIRAZYR; ICATIBANT ACETATE,N[C@H](CCCN=C(N)N)C(=O)N[C@@H](CCCN=C(N)N)C(=O)N1CCC[C@H]1C(=O)N1C[C@H](O)C[C@H]1C(=O)NCC(=O)N[C@@H](Cc1cccs1)C(=O)N[C@@H](CO)C(=O)N1Cc2ccccc2C[C@@H]1C(=O)N1[C@H]2CCCC[C@H]2C[C@H]1C(=O)N[C@@H](CCCN=C(N)N)C(O)=O
ATNAA; ATROPINE,CN1[C@H]2CC[C@@H]1C[C@@H](C2)OC(=O)C(CO)c1ccccc1
CIMETIDINE; CIMETIDINE,CNC(NCCSCc1[nH]cnc1C)=NC#N
BIAXIN; CLARITHROMYCIN,CC[C@H]1OC(=O)[C@H](C)[C@@H](O[C@H]2C[C@@](C)(OC)[C@@H](O)[C@H](C)O2)[C@H](C)[C@@H](O[C@@H]2O[C@H](C)C[C@@H]([C@H]2O)N(C)C)[C@@](C)(C[C@@H](C)C(=O)[C@H](C)[C@@H](O)[C@]1(C)O)OC
DIDANOSINE; DIDANOSINE,OC[C@@H]1CC[C@@H](O1)n1cnc2c1nc[nH]c2=O
BREVIBLOC DOUBLE STRENGTH IN PLASTIC CONTAINER; ESMOLOL HYDROCHLORIDE,COC(=O)CCc1ccc(OCC(O)CNC(C)C)cc1
CROLOM; CROMOLYN SODIUM,OC(COc1cccc2oc(cc(=O)c12)C([O-])=O)COc1cccc2oc(cc(=O)c12)C([O-])=O
BETAXOLOL HYDROCHLORIDE; BETAXOLOL HYDROCHLORIDE,CC(C)NC[C@@H](O)COc1ccc(CCOCC2CC2)cc1
BETAXOLOL HYDROCHLORIDE; BETAXOLOL HYDROCHLORIDE,CC(C)NCC(O)COc1ccc(CCOCC2CC2)cc1
CYTADREN; AMINOGLUTETHIMIDE,CC[C@@]1(CCC(=O)NC1=O)c1ccc(N)cc1
CYTADREN; AMINOGLUTETHIMIDE,CC[C@]1(CCC(=O)NC1=O)c1ccc(N)cc1
COZAAR; LOSARTAN POTASSIUM,CCCCc1nc(Cl)c(CO)n1Cc1ccc(cc1)-c1ccccc1-c1nn[n-]n1
ZYTIGA; ABIRATERONE ACETATE,CC(=O)O[C@H]1CC[C@]2(C)[C@H]3CC[C@@]4(C)[C@@H](CC=C4c4cccnc4)[C@@H]3CC=C2C1
AEROLONE; ISOPROTERENOL HYDROCHLORIDE,CC(C)NC[C@H](O)c1ccc(O)c(O)c1
AEROLONE; ISOPROTERENOL HYDROCHLORIDE,CC(C)NC[C@@H](O)c1ccc(O)c(O)c1
PAXIPAM; HALAZEPAM,FC(F)(F)CN1c2ccc(Cl)cc2C(=NCC1=O)c1ccccc1
RESTORIL; TEMAZEPAM,CN1c2ccc(Cl)cc2C(=NC(O)C1=O)c1ccccc1
ENOVID-E 21; NORETHYNODREL,C[C@]12CC[C@H]3[C@@H](CCC4=C3CCC(=O)C4)[C@@H]1CC[C@@]2(O)C#C
BENOQUIN; MONOBENZONE,Oc1ccc(OCc2ccccc2)cc1
ALESSE; LEVONORGESTREL,CC[C@]12CC[C@H]3[C@@H](CCC4=CC(=O)CC[C@H]34)[C@@H]1CC[C@@]2(O)C#C
GAMENE; LINDANE,Cl[C@H]1[C@H](Cl)[C@@H](Cl)[C@@H](Cl)[C@H](Cl)[C@H]1Cl
ANDROID 10; METHYLTESTOSTERONE,C[C@]1(O)CC[C@H]2[C@@H]3CCC4=CC(=O)CC[C@]4(C)[C@H]3CC[C@]12C
CIN-QUIN; QUINIDINE SULFATE,COc1ccc2nccc([C@H](O)[C@H]3CC4CCN3C[C@@H]4C=C)c2c1
QUALAQUIN; QUININE SULFATE,COc1ccc2nccc([C@@H](O)[C@@H]3CC4CCN3C[C@@H]4C=C)c2c1
ADVIL; IBUPROFEN SODIUM,CC(C)Cc1ccc(cc1)C(C)C([O-])=O
CINACALCET HYDROCHLORIDE; CINACALCET HYDROCHLORIDE,C[C@@H](NCCCc1cccc(c1)C(F)(F)F)c1cccc2ccccc12
ALOXI; PALONOSETRON HYDROCHLORIDE,O=C1N(C[C@H]2CCCc3cccc1c23)[C@@H]1CN2CCC1CC2
BEVESPI AEROSPHERE; GLYCOPYRROLATE,C[N+]1(C)CCC(C1)OC(=O)C(O)(C1CCCC1)c1ccccc1
ERAXIS; ANIDULAFUNGIN,CCCCCOc1ccc(cc1)-c1ccc(cc1)-c1ccc(cc1)C(=O)N[C@H]1C[C@@H](O)[C@@H](O)NC(=O)[C@@H]2[C@@H](O)[C@@H](C)CN2C(=O)[C@@H](NC(=O)[C@@H](NC(=O)[C@@H]2C[C@@H](O)CN2C(=O)[C@@H](NC1=O)[C@@H](C)O)[C@H](O)[C@@H](O)c1ccc(O)cc1)[C@@H](C)O
MAXAQUIN; LOMEFLOXACIN HYDROCHLORIDE,CCn1cc(C(O)=O)c(=O)c2cc(F)c(N3CCNC(C)C3)c(F)c12
ARESTOCAINE HYDROCHLORIDE; MEPIVACAINE HYDROCHLORIDE,CN1CCCCC1C(=O)Nc1c(C)cccc1C
LEVOPROME; LEVOMEPROMAZINE,COc1ccc2Sc3ccccc3N(C[C@H](C)CN(C)C)c2c1
ZYFLO CR; ZILEUTON,C[C@@H](N(O)C(N)=O)c1cc2ccccc2s1
THIOPLEX; THIOTEPA,S=P(N1CC1)(N1CC1)N1CC1
CARBIDOPA AND LEVODOPA; CARBIDOPA,C[C@@](Cc1ccc(O)c(O)c1)(NN)C(O)=O
GUANIDINE HYDROCHLORIDE; GUANIDINE HYDROCHLORIDE,NC(N)=N
CHENIX; CHENODIOL,C[C@H](CCC([O-])=O)[C@H]1CC[C@H]2[C@@H]3[C@H](O)C[C@@H]4C[C@H](O)CC[C@]4(C)[C@H]3CC[C@]12C
ACETADOTE; ACETYLCYSTEINE,CC(=O)N[C@@H](CS)C(O)=O
8-HOUR BAYER; ASPIRIN,CC(=O)Oc1ccccc1C([O-])=O
IC-GREEN; INDOCYANINE GREEN,CC1(C)\C(=C\C=C\C=C\C=C\C2=[N+](CCCCS([O-])(=O)=O)c3ccc4ccccc4c3C2(C)C)N(CCCCS(O)(=O)=O)c2ccc3ccccc3c12
AVYCAZ; CEFTAZIDIME,CC(C)(O\N=C(/C(=O)N[C@H]1[C@H]2SCC(C[n+]3ccccc3)=C(N2C1=O)C([O-])=O)c1csc(N)n1)C(O)=O
ACTIN-N; NITROFURAZONE,NC(=O)NN=Cc1ccc(o1)[N+]([O-])=O
AZO GANTANOL; PHENAZOPYRIDINE HYDROCHLORIDE,Nc1ccc(\N=N\c2ccccc2)c(N)n1
PIPERACILLIN AND TAZOBACTAM; TAZOBACTAM SODIUM,C[C@]1(Cn2ccnn2)[C@@H](N2[C@@H](CC2=O)S1(=O)=O)C([O-])=O
ALPHATREX; BETAMETHASONE DIPROPIONATE,CCC(=O)OCC(=O)[C@@]1(OC(=O)CC)[C@@H](C)C[C@H]2[C@@H]3CCC4=CC(=O)C=C[C@]4(C)[C@@]3(F)[C@@H](O)C[C@]12C
ARESTIN; MINOCYCLINE HYDROCHLORIDE,CN(C)[C@H]1[C@@H]2C[C@@H]3Cc4c(ccc(O)c4C(=O)C3C(=O)[C@]2(O)C(=O)C(C(N)=O)C1=O)N(C)C
BRIVIACT; BRIVARACETAM,CCC[C@H]1CN([C@@H](CC)C(N)=O)C(=O)C1
KEPPRA; LEVETIRACETAM,CC[C@H](N1CCCC1=O)C(N)=O
CEFUROXIME; CEFUROXIME,CO\N=C(/C(=O)N[C@H]1[C@H]2SCC(COC(N)=O)=C(N2C1=O)C(O)=O)c1ccco1
BEKYREE; DESOGESTREL,CC[C@]12CC(=C)[C@H]3[C@@H](CCC4=CCCC[C@H]34)[C@@H]1CC[C@@]2(O)C#C
IMPLANON; ETONOGESTREL,CC[C@]12CC(=C)[C@H]3[C@@H](CCC4=CC(=O)CC[C@H]34)[C@@H]1CC[C@@]2(O)C#C
DANAZOL; DANAZOL,C[C@]12CC[C@H]3[C@@H](CCC4=Cc5oncc5C[C@]34C)[C@@H]1CC[C@@]2(O)C#C
LATANOPROST; LATANOPROST,CC(C)OC(=O)CCC\C=C/C[C@@H]1[C@H](O)C[C@H](O)[C@H]1CC[C@@H](O)CCc1ccccc1
MERCAPTOPURINE; MERCAPTOPURINE,S=c1[nH]cnc2nc[nH]c12
NORCURON; VECURONIUM BROMIDE,CC(=O)O[C@H]1[C@H](C[C@H]2[C@@H]3CC[C@H]4C[C@H](OC(C)=O)[C@H](C[C@]4(C)[C@H]3CC[C@]12C)N1CCCCC1)[N+]1(C)CCCCC1
AZACITIDINE; AZACITIDINE,Nc1ncn([C@@H]2O[C@H](CO)[C@@H](O)[C@H]2O)c(=O)n1
XTANDI; ENZALUTAMIDE,CNC(=O)c1ccc(cc1F)N1C(=S)N(C(=O)C1(C)C)c1ccc(C#N)c(c1)C(F)(F)F
CABERGOLINE; CABERGOLINE,CCNC(=O)N(CCCN(C)C)C(=O)[C@@H]1C[C@H]2[C@@H](Cc3c[nH]c4cccc2c34)N(CC=C)C1
CYKLOKAPRON; TRANEXAMIC ACID,NC[C@H]1CC[C@@H](CC1)C(O)=O
TAFINLAR; DABRAFENIB MESYLATE,CC(C)(C)c1nc(c(s1)-c1ccnc(N)n1)-c1cccc(NS(=O)(=O)c2c(F)cccc2F)c1F
MITOMYCIN; MITOMYCIN,CO[C@]12[C@H]3N[C@H]3CN1C1=C([C@H]2COC(N)=O)C(=O)C(N)=C(C)C1=O
SAPHRIS; ASENAPINE MALEATE,CN1C[C@@H]2[C@@H](C1)c1cc(Cl)ccc1Oc1ccccc21
DYNACIRC CR; ISRADIPINE,COC(=O)C1=C(C)NC(C)=C(C1c1cccc2nonc12)C(=O)OC(C)C
LOTRIMIN ULTRA; BUTENAFINE HYDROCHLORIDE,CN(Cc1ccc(cc1)C(C)(C)C)Cc1cccc2ccccc12
ZYKADIA; CERITINIB,CC(C)Oc1cc(C2CCNCC2)c(C)cc1Nc1ncc(Cl)c(Nc2ccccc2S(=O)(=O)C(C)C)n1
AMLODIPINE BESYLATE AND ATORVASTATIN CALCIUM; ATORVASTATIN CALCIUM,[Ca++].CC(C)c1c(C(=O)Nc2ccccc2)c(c(-c2ccc(F)cc2)n1CC[C@@H](O)C[C@@H](O)CC([O-])=O)-c1ccccc1.CC(C)c1c(C(=O)Nc2ccccc2)c(c(-c2ccc(F)cc2)n1CC[C@@H](O)C[C@@H](O)CC([O-])=O)-c1ccccc1
DELFEN; NONOXYNOL-9,CCCCCCCCCc1ccc(OCCOCCOCCOCCOCCOCCOCCOCCOCCO)cc1
AMLODIPINE AND OLMESARTAN MEDOXOMIL; OLMESARTAN MEDOXOMIL,CCCc1nc(c(C(=O)OCc2oc(=O)oc2C)n1Cc1ccc(cc1)-c1ccccc1-c1nnn[nH]1)C(C)(C)O
GRANISETRON HYDROCHLORIDE; GRANISETRON HYDROCHLORIDE,CN1[C@H]2CCC[C@@H]1C[C@@H](C2)NC(=O)c1nn(C)c2ccccc12
EVOTAZ; COBICISTAT,CC(C)c1nc(CN(C)C(=O)N[C@@H](CCN2CCOCC2)C(=O)N[C@H](CC[C@H](Cc2ccccc2)NC(=O)OCc2cncs2)Cc2ccccc2)cs1
ETHAMBUTOL HYDROCHLORIDE; ETHAMBUTOL HYDROCHLORIDE,CC[C@@H](CO)NCCN[C@@H](CC)CO
SANCUSO; GRANISETRON,CN1[C@H]2CCC[C@@H]1C[C@H](C2)NC(=O)c1nn(C)c2ccccc12
SCOPOLAMINE; SCOPOLAMINE,CN1[C@H]2C[C@@H](C[C@@H]1[C@@H]1O[C@@H]21)OC(=O)[C@H](CO)c1ccccc1
CORTISONE ACETATE; CORTISONE ACETATE,CC(=O)OCC(=O)[C@@]1(O)CC[C@H]2[C@@H]3CCC4=CC(=O)CC[C@]4(C)[C@H]3C(=O)C[C@]12C
